id,retire
afflaar01-2010,0
ajincal01-2010,0
aldrila01-2010,0
alexajo01-2010,1
allenma01-2010,0
allenra02-2010,0
allento01-2010,0
alstora01-2010,1
amundlo01-2010,0
anderch01-2010,0
anderda03-2010,0
anderan02-2010,1
anderry01-2010,0
anthoca01-2010,0
anthojo01-2010,0
arenagi01-2010,0
arizatr01-2010,0
armsthi02-2010,1
arroyca01-2010,0
arthuda01-2010,0
atkinch01-2010,1
augusdj01-2010,0
pendeje02-2010,1
azubuke01-2010,1
balkmre01-2010,0
banksma01-2010,0
barbole01-2010,0
bareajo01-2010,0
bargnan01-2010,0
barnema02-2010,0
barroea01-2010,0
bassbr01-2010,0
battito01-2010,0
battish01-2010,0
batumni01-2010,0
bayleje01-2010,0
beaslmi01-2010,0
beaubro01-2010,0
belinma01-2010,0
bellch01-2010,0
bellra01-2010,0
bendejo01-2010,1
bibbymi01-2010,0
biedran01-2010,0
billuch01-2010,0
blairde01-2010,0
blakest01-2010,0
blatcan01-2010,0
boganke01-2010,0
bogutan01-2010,0
bonnema01-2010,0
boonejo01-2010,1
boozeca01-2010,0
boshch01-2010,0
bowenry01-2010,1
boykiea01-2010,0
brandel01-2010,0
breweco01-2010,0
brewero02-2010,0
brezepr01-2010,1
brockjo01-2010,0
brookaa01-2010,0
brownde04-2010,0
brownde02-2010,1
brownkw01-2010,0
brownsh01-2010,0
bryanko01-2010,0
budinch01-2010,0
butleca01-2010,0
butlera01-2010,0
bynuman01-2010,0
bynumwi01-2010,0
caldejo01-2010,0
cambyma01-2010,0
cardibr01-2010,0
carnero01-2010,0
carrode01-2010,0
carroma01-2010,0
cartean01-2010,0
cartevi01-2010,0
casspom01-2010,0
chalmma01-2010,0
chandty01-2010,0
chandwi01-2010,0
clarkea01-2010,0
collija03-2010,0
collija04-2010,0
collima01-2010,1
collida01-2010,0
collini01-2010,0
conlemi01-2010,0
conrowi01-2010,1
cookbr01-2010,0
cookda02-2010,0
crawfja01-2010,0
cunnida01-2010,0
curryed01-2010,1
curryja01-2010,1
curryst01-2010,0
dalemsa01-2010,0
dampier01-2010,0
daniema01-2010,0
davisba01-2010,0
davisgl01-2010,0
davispa01-2010,1
davisri01-2010,1
dayeau01-2010,0
delfica01-2010,0
denglu01-2010,0
derozde01-2010,0
diawbo01-2010,0
diawaya01-2010,1
dienetr01-2010,1
diopde01-2010,0
doolike01-2010,0
dorsejo01-2010,0
douglto01-2010,0
douglch01-2010,0
dragigo01-2010,0
dudleja01-2010,0
duhonch01-2010,0
duncati01-2010,0
dunlemi02-2010,0
duranke01-2010,0
ellinwa01-2010,0
ellismo01-2010,0
elsonfr01-2010,0
evansma01-2010,0
evansre01-2010,0
evansty01-2010,0
farmajo01-2010,0
feltora01-2010,0
fernaru01-2010,0
fesenky01-2010,0
finlemi01-2010,1
fishede01-2010,0
flynnjo01-2010,0
fordtj01-2010,0
fosteje01-2010,0
foyera01-2010,0
fryech01-2010,0
gadzuda01-2010,0
gainesu01-2010,0
gallida01-2010,0
garcifr01-2010,0
garneke01-2010,0
gasolma01-2010,0
gasolpa01-2010,0
gayru01-2010,0
geeal01-2010,0
georgde01-2010,1
gibsoda01-2010,0
gibsota01-2010,0
giddejr01-2010,1
gildetr01-2010,1
ginobma01-2010,0
gomesry01-2010,0
goodedr01-2010,0
gordobe01-2010,0
gordoer01-2010,0
gortama01-2010,0
grahajo01-2010,0
grahast01-2010,0
grangda01-2010,0
grayaa01-2010,0
greenda02-2010,0
greenje02-2010,0
greenwi01-2010,0
greendo01-2010,0
griffta01-2010,1
haddaha01-2010,0
hairsma01-2010,1
haislma01-2010,1
hamilri01-2010,0
hansbty01-2010,0
hardeja01-2010,0
harrial01-2010,0
harride01-2010,0
harrimi01-2010,0
hartja01-2010,1
hasleud01-2010,0
hassetr01-2010,1
hawessp01-2010,0
hayesch01-2010,0
hayesja01-2010,1
haywobr01-2010,0
headlu01-2010,0
hendege02-2010,0
hibbero01-2010,0
hicksjj01-2010,0
hilarne01-2010,0
hillge01-2010,0
hillgr01-2010,0
hilljo01-2010,0
hinriki01-2010,0
holidjr01-2010,0
holliry01-2010,0
horfoal01-2010,0
houseed01-2010,0
howardw01-2010,0
howarjo01-2010,0
howarju01-2010,0
hudsole01-2010,0
hughela01-2010,1
humphkr01-2010,0
huntech01-2010,1
hunteli01-2010,1
hunteot01-2010,1
huntest01-2010,1
ibakase01-2010,0
iguodan01-2010,0
ilgauzy01-2010,0
mbengdj01-2010,0
ilyaser01-2010,0
iversal01-2010,1
iveyro01-2010,0
jackja01-2010,0
jacksce01-2010,1
jacksda01-2010,0
jacksst02-2010,0
jamesle01-2010,0
jamesmi01-2010,1
jamisan01-2010,0
jawaina01-2010,1
jeffeot01-2010,0
jeffeal01-2010,0
jefferi01-2010,0
jeffrja01-2010,0
jennibr01-2010,0
jerebjo01-2010,1
jianlyi01-2010,0
johnsam01-2010,0
johnsan02-2010,1
johnsja01-2010,0
johnsjo02-2010,0
jonesda02-2010,0
jonesdw02-2010,1
jonesja02-2010,0
jonesso01-2010,0
jordade01-2010,0
kamanch01-2010,0
kaponja01-2010,0
karlco01-2010,1
kiddja01-2010,0
kirilan01-2010,0
korveky01-2010,0
koufoko01-2010,0
krstine01-2010,0
lafayol01-2010,1
landrca01-2010,0
landrma01-2010,1
lawac01-2010,0
lawsoty01-2010,0
leeco01-2010,0
leeda02-2010,0
lewisra02-2010,0
livinsh01-2010,0
lopezbr01-2010,0
lopezro01-2010,0
loveke01-2010,0
lowryky01-2010,0
maggeco01-2010,0
magloja01-2010,0
mahinia01-2010,0
mariosh01-2010,0
marksse01-2010,0
martica01-2010,0
martike01-2010,0
martike02-2010,0
masonde01-2010,1
masonro01-2010,0
matthwe02-2010,0
maxieja01-2010,0
mayse01-2010,1
maynoer01-2010,0
mayooj01-2010,0
mbahalu01-2010,0
mcdyean01-2010,0
mcgeeja01-2010,0
mcgratr01-2010,0
mcguido01-2010,0
mcrobjo01-2010,0
meeksjo01-2010,0
mensapo01-2010,0
milescj01-2010,0
milicda01-2010,0
millean02-2010,0
millebr01-2010,0
millemi01-2010,0
millspa02-2010,0
millspa01-2010,0
mohamna01-2010,0
moonja01-2010,0
mooremi01-2010,1
morrira01-2010,1
morriad01-2010,1
morroan01-2010,0
mulleby01-2010,0
murphtr01-2010,0
murraro01-2010,1
najered01-2010,0
nashst01-2010,0
nelsoja01-2010,0
nestera01-2010,1
noahjo01-2010,0
nocioan01-2010,0
novakst01-2010,0
nowitdi01-2010,0
obryapa01-2010,1
onealje01-2010,0
onealsh01-2010,0
obertfa01-2010,0
odengr01-2010,1
odomla01-2010,0
okafoem01-2010,0
okurme01-2010,0
ollieke01-2010,1
outlatr01-2010,0
pachuza01-2010,0
pargoja01-2010,1
parkean01-2010,0
parketo01-2010,0
paulch01-2010,0
pavloal01-2010,0
pecheol01-2010,1
perkike01-2010,0
petermo01-2010,0
petrojo01-2010,0
piercpa01-2010,0
pietrmi01-2010,0
poseyja01-2010,0
powele01-2010,0
poweljo01-2010,0
priceaj01-2010,0
pricero01-2010,0
princta01-2010,0
przybjo01-2010,0
quinnch01-2010,0
radmavl01-2010,0
randoan01-2010,0
randosh01-2010,1
randoza01-2010,0
ratlith01-2010,0
reddmi01-2010,0
redicjj01-2010,0
richach01-2010,1
richaja01-2010,0
richaqu01-2010,0
ridnolu01-2010,0
robinna01-2010,0
rodrise01-2010,1
rondora01-2010,0
rosede01-2010,0
rossqu01-2010,0
roybr01-2010,0
rushbr01-2010,0
rushka01-2010,1
salmojo01-2010,0
scalabr01-2010,0
scolalu01-2010,0
sefolth01-2010,0
sessira01-2010,0
simmobo01-2010,0
singlja01-2010,1
skinnbr01-2010,0
smithcr01-2010,0
smithjr01-2010,0
smithja02-2010,0
smithjo02-2010,0
smithjo03-2010,0
songada01-2010,0
speigma01-2010,0
stackje01-2010,0
stevede01-2010,0
stojape01-2010,0
stoudam01-2010,0
stuckro01-2010,0
summeda01-2010,0
tayloje02-2010,0
teaguje01-2010,0
telfase01-2010,0
templga01-2010,0
terryja01-2010,0
thabeha01-2010,0
thomaet01-2010,0
thomake01-2010,1
thomaku01-2010,0
thomati01-2010,1
thomaty01-2010,0
thompja02-2010,0
thornal01-2010,0
thornma01-2010,0
tinslja01-2010,1
tollian01-2010,0
tuckeal02-2010,1
turiaro01-2010,0
turkohe01-2010,0
udokaim01-2010,0
udrihbe01-2010,0
ukicro01-2010,1
varejan01-2010,0
villach01-2010,0
vujacsa01-2010,0
wadedw01-2010,0
walkebi01-2010,0
wallabe01-2010,0
wallage01-2010,0
wallara01-2010,1
waltolu01-2010,0
warriha01-2010,0
watsocj01-2010,0
watsoea01-2010,0
weaveky01-2010,0
webstma02-2010,0
weemsso01-2010,0
westda01-2010,0
westde01-2010,0
westma02-2010,0
westbru01-2010,0
whitedj01-2010,0
wilcoch01-2010,0
wilkida02-2010,0
wilksmi01-2010,1
willide01-2010,0
willija02-2010,0
willija04-2010,0
willilo02-2010,0
willima03-2010,1
willima02-2010,0
willima01-2010,0
willire02-2010,0
willise01-2010,1
willish02-2010,0
willite01-2010,0
artesro01-2010,0
wrighan01-2010,0
wrighdo01-2010,0
wrighju01-2010,0
youngni01-2010,0
youngsa01-2010,0
youngth01-2010,0
adrieje01-2011,0
afflaar01-2011,0
agerma01-2011,1
ajincal01-2011,1
alabiso01-2011,0
aldrico01-2011,0
aldrila01-2011,0
allenma01-2011,1
allenra02-2011,0
allento01-2011,0
aminual01-2011,0
amundlo01-2011,0
anderch01-2011,0
anderda03-2011,1
anderja01-2011,0
anderry01-2011,0
anthoca01-2011,0
anthojo01-2011,0
arenagi01-2011,0
arizatr01-2011,0
armsthi01-2011,1
arroyca01-2011,1
arthuda01-2011,1
asikom01-2011,0
augusdj01-2011,0
babbilu01-2011,0
balkmre01-2011,0
banksma01-2011,1
barbole01-2011,0
bareajo01-2011,0
bargnan01-2011,0
barnema02-2011,0
barroea01-2011,0
bassbr01-2011,0
battito01-2011,0
battish01-2011,0
batumni01-2011,0
bayleje01-2011,0
beaslmi01-2011,0
beaubro01-2011,0
belinma01-2011,0
bellch01-2011,1
bellra01-2011,0
bibbymi01-2011,0
biedran01-2011,0
billuch01-2011,0
blairde01-2011,0
blakest01-2011,0
blatcan01-2011,0
bledser01-2011,0
boganke01-2011,0
bogutan01-2011,0
bonnema01-2011,0
booketr01-2011,0
boozeca01-2011,0
boshch01-2011,0
boykiea01-2011,0
brackcr01-2011,0
bradlav01-2011,0
brandel01-2011,0
breweco01-2011,0
brewero02-2011,0
brockjo01-2011,0
brookaa01-2011,1
brownde04-2011,0
brownkw01-2011,0
brownsh01-2011,0
bryanko01-2011,0
budinch01-2011,0
butleca01-2011,0
butlera01-2011,0
bynuman01-2011,0
bynumwi01-2011,0
caldejo01-2011,0
cambyma01-2011,0
caracde01-2011,1
cardibr01-2011,0
carnero01-2011,1
carrode01-2011,0
carroma01-2011,0
cartean01-2011,0
cartevi01-2011,0
casspom01-2011,0
chalmma01-2011,0
chandty01-2011,0
chandwi01-2011,0
childjo01-2011,0
clarkea01-2011,0
collija03-2011,1
collija04-2011,0
collish01-2011,1
collida01-2011,0
collini01-2011,0
conlemi01-2011,0
cookbr01-2011,0
cookda02-2011,0
cousima01-2011,1
couside01-2011,0
crawfja01-2011,0
crawfjo02-2011,0
cunnida01-2011,0
curryst01-2011,0
dalemsa01-2011,0
dampier01-2011,0
daniean01-2011,1
daniema01-2011,0
davisba01-2011,0
davised01-2011,0
davisgl01-2011,0
dayeau01-2011,0
delfica01-2011,0
denglu01-2011,0
derozde01-2011,0
diawbo01-2011,0
dioguik01-2011,0
diopde01-2011,0
doolike01-2011,0
dorsejo01-2011,1
douglto01-2011,0
douglch01-2011,1
dowdeza01-2011,1
dragigo01-2011,0
dudleja01-2011,0
duhonch01-2011,0
duncati01-2011,0
dunlemi02-2011,0
duprero01-2011,1
duranke01-2011,0
ebankde01-2011,0
ellinwa01-2011,0
ellismo01-2011,0
elsonfr01-2011,0
elyme01-2011,1
erdense01-2011,0
evansje01-2011,0
evansma01-2011,0
evansre01-2011,0
evansty01-2011,0
ewingpa02-2011,1
eyengch01-2011,0
farmajo01-2011,0
favorde01-2011,0
feltora01-2011,0
fernaru01-2011,0
fesenky01-2011,0
fieldla01-2011,0
fishede01-2011,0
flynnjo01-2011,0
forbega01-2011,0
fordtj01-2011,0
fosteje01-2011,0
foyera01-2011,0
fryech01-2011,0
gadzuda01-2011,0
gainesu01-2011,0
gallida01-2011,0
garcifr01-2011,0
garneke01-2011,0
gasolma01-2011,0
gasolpa01-2011,0
gayru01-2011,0
geeal01-2011,0
georgpa01-2011,0
gibsoda01-2011,0
gibsota01-2011,0
ginobma01-2011,0
gomesry01-2011,0
goodedr01-2011,0
gordobe01-2011,0
gordoer01-2011,0
gortama01-2011,0
grahajo01-2011,1
grahast01-2011,1
grangda01-2011,0
grayaa01-2011,0
greenda02-2011,0
greenje02-2011,1
greenwi01-2011,0
greendo01-2011,0
greenor01-2011,1
griffbl01-2011,0
haddaha01-2011,0
hamilri01-2011,0
hansbty01-2011,0
haranlu01-2011,0
hardeja01-2011,0
harrial01-2011,0
harride01-2011,0
harrima01-2011,0
harrimi01-2011,1
hasleud01-2011,0
hawessp01-2011,0
hayesch01-2011,0
haywago01-2011,0
haywala01-2011,0
haywobr01-2011,0
headlu01-2011,1
hendege02-2011,0
henryxa01-2011,0
hibbero01-2011,0
hicksjj01-2011,0
hilarne01-2011,0
hillge01-2011,0
hillgr01-2011,0
hilljo01-2011,0
hinriki01-2011,0
holidjr01-2011,0
holliry01-2011,0
horfoal01-2011,0
houseed01-2011,1
howardw01-2011,0
howarjo01-2011,0
howarju01-2011,0
hudsole01-2011,0
humphkr01-2011,0
ibakase01-2011,0
iguodan01-2011,0
ilgauzy01-2011,1
mbengdj01-2011,1
ilyaser01-2011,0
iveyro01-2011,0
jackja01-2011,0
jacksda01-2011,1
jacksst02-2011,0
jamesda01-2011,0
jamesle01-2011,0
jamisan01-2011,0
jeffeot01-2011,1
jeffeal01-2011,0
jefferi01-2011,0
jeffrja01-2011,0
jennibr01-2011,0
jetereu01-2011,1
jianlyi01-2011,0
johnsam01-2011,0
johnsar02-2011,0
johnsch03-2011,0
johnsja01-2011,0
johnsjo02-2011,0
johnstr01-2011,0
johnswe01-2011,0
jonesda02-2011,0
jonesdo02-2011,0
jonesja02-2011,0
jonesso01-2011,0
jordade01-2011,0
kamanch01-2011,0
kaponja01-2011,0
kiddja01-2011,0
kirilan01-2011,1
kleizli01-2011,0
korveky01-2011,0
koufoko01-2011,0
krstine01-2011,1
landrca01-2011,0
lawac01-2011,1
lawalga01-2011,1
lawsoty01-2011,0
leeco01-2011,0
leeda02-2011,0
lewisra02-2011,0
linje01-2011,0
livinsh01-2011,0
lopezbr01-2011,0
lopezro01-2011,0
loveke01-2011,0
lowryky01-2011,0
lucasjo02-2011,0
maggeco01-2011,0
magloja01-2011,0
mahinia01-2011,0
mariosh01-2011,0
marksse01-2011,1
martica01-2011,0
martike01-2011,0
martike02-2011,0
masonro01-2011,0
matthwe02-2011,0
maxieja01-2011,0
maynoer01-2011,0
mayooj01-2011,0
mbahalu01-2011,0
mcdyean01-2011,1
mcgeeja01-2011,0
mcgratr01-2011,0
mcguido01-2011,0
mcrobjo01-2011,0
meeksjo01-2011,0
mensapo01-2011,1
milescj01-2011,0
milicda01-2011,0
millean02-2011,0
millebr01-2011,0
millemi01-2011,0
millspa02-2011,0
millspa01-2011,0
mingya01-2011,1
mohamna01-2011,0
monrogr01-2011,0
moonja01-2011,0
morroan01-2011,0
mozgoti01-2011,0
mulleby01-2011,0
murphtr01-2011,0
ndiayha01-2011,0
najered01-2011,0
nashst01-2011,0
nealga01-2011,0
nelsoja01-2011,0
noahjo01-2011,0
nocioan01-2011,0
novakst01-2011,0
nowitdi01-2011,0
onealje01-2011,0
onealsh01-2011,1
obertfa01-2011,1
odomla01-2011,0
okafoem01-2011,0
okurme01-2011,0
outlatr01-2011,0
owensla01-2011,0
pachuza01-2011,0
parkean01-2011,0
parketo01-2011,0
pattepa01-2011,0
paulch01-2011,0
pavloal01-2011,0
pekovni01-2011,0
perkike01-2011,0
petermo01-2011,1
petrojo01-2011,0
piercpa01-2011,0
pietrmi01-2011,0
pittmde01-2011,0
pondequ01-2011,0
poseyja01-2011,1
powele01-2011,1
poweljo01-2011,1
priceaj01-2011,0
pricero01-2011,0
princta01-2011,0
przybjo01-2011,0
quinnch01-2011,1
radmavl01-2011,0
randoan01-2011,0
randoza01-2011,0
ratlith01-2011,1
rautian01-2011,1
reddmi01-2011,0
redicjj01-2011,0
richaja01-2011,0
richaqu01-2011,0
ridnolu01-2011,0
robinna01-2011,0
rondora01-2011,0
rosede01-2011,0
rossqu01-2011,1
roybr01-2011,1
rushbr01-2011,0
salmojo01-2011,0
samuesa01-2011,0
sandela01-2011,0
scalabr01-2011,0
scolalu01-2011,0
sefolth01-2011,0
serapke01-2011,0
sessira01-2011,0
shakumu01-2011,1
silerga01-2011,1
simmobo01-2011,0
skinnbr01-2011,0
smithcr01-2011,0
smithis01-2011,0
smithjr01-2011,0
smithja02-2011,0
smithjo02-2011,1
smithjo03-2011,0
songada01-2011,1
speigma01-2011,0
splitti01-2011,0
stackje01-2011,0
stephla01-2011,0
stevede01-2011,0
stojape01-2011,1
stoudam01-2011,0
stuckro01-2011,0
summeda01-2011,0
sypa01-2011,1
tayloje02-2011,1
teaguje01-2011,0
telfase01-2011,0
templga01-2011,1
terryja01-2011,0
thabeha01-2011,0
thomaet01-2011,1
thomaku01-2011,0
thomaty01-2011,0
thompja02-2011,0
thornal01-2011,1
thornma01-2011,0
tollian01-2011,0
turiaro01-2011,0
turkohe01-2011,0
turneev01-2011,0
udohek01-2011,0
udokaim01-2011,1
udrihbe01-2011,0
uzohbe01-2011,0
varejan01-2011,0
vasqugr01-2011,0
villach01-2011,0
vujacsa01-2011,1
wadedw01-2011,0
wafervo01-2011,0
walkebi01-2011,0
walljo01-2011,0
wallabe01-2011,0
wallage01-2011,0
waltolu01-2011,0
warrewi01-2011,1
warriha01-2011,0
watsocj01-2011,0
watsoea01-2011,0
weaveky01-2011,1
webstma02-2011,0
weemsso01-2011,1
westda01-2011,0
westde01-2011,0
westma02-2011,1
westbru01-2011,0
whitedj01-2011,0
whiteha01-2011,0
wilcoch01-2011,0
wilkida02-2011,0
willide01-2011,0
willija02-2011,1
willija04-2011,1
willilo02-2011,0
willima02-2011,0
willima01-2011,0
willire02-2011,0
willish03-2011,0
willish02-2011,0
willite01-2011,0
artesro01-2011,0
wrighan01-2011,1
wrighbr03-2011,0
wrighdo01-2011,0
wrighju01-2011,1
youngni01-2011,0
youngsa01-2011,0
youngth01-2011,0
adrieje01-2012,0
afflaar01-2012,0
ahearbl01-2012,1
alabiso01-2012,1
aldrico01-2012,0
aldrila01-2012,0
allenla01-2012,0
allenra02-2012,0
allento01-2012,0
almonmo01-2012,1
aminual01-2012,0
amundlo01-2012,0
anderch01-2012,0
anderal01-2012,0
anderja01-2012,0
anderry01-2012,0
anthoca01-2012,0
anthojo01-2012,0
arenagi01-2012,1
arizatr01-2012,0
asikom01-2012,0
augusdj01-2012,0
ayongu01-2012,0
pendeje02-2012,0
azubuke01-2012,1
babbilu01-2012,0
balkmre01-2012,1
barbole01-2012,0
bareajo01-2012,0
bargnan01-2012,0
barnema02-2012,0
barroea01-2012,0
bassbr01-2012,0
battito01-2012,1
battish01-2012,0
batumni01-2012,0
bayleje01-2012,0
beaslmi01-2012,0
beaubro01-2012,0
belinma01-2012,0
bellra01-2012,1
bensoke02-2012,1
bibbymi01-2012,1
biedran01-2012,0
billuch01-2012,0
biyombi01-2012,0
blairde01-2012,0
blakest01-2012,0
blatcan01-2012,0
bledser01-2012,0
boganke01-2012,0
bogutan01-2012,0
bonnema01-2012,0
booketr01-2012,0
boozeca01-2012,0
boshch01-2012,0
boykiea01-2012,1
brackcr01-2012,1
bradlav01-2012,0
brandel01-2012,0
breweco01-2012,0
brewero02-2012,0
brockjo01-2012,1
brookma01-2012,0
brownde04-2012,1
brownkw01-2012,0
brownsh01-2012,0
bryanko01-2012,0
budinch01-2012,0
burksal01-2012,0
butleca01-2012,0
butleji01-2012,0
butlera01-2012,1
byarsde01-2012,1
bynuman01-2012,1
bynumwi01-2012,0
caldejo01-2012,0
cambyma01-2012,0
cardibr01-2012,1
carrode01-2012,0
carroma01-2012,0
cartean01-2012,1
cartevi01-2012,0
casspom01-2012,0
chalmma01-2012,0
chandty01-2012,0
chandwi01-2012,0
childjo01-2012,0
clarkea01-2012,0
coleno01-2012,0
collija04-2012,0
collida01-2012,0
collini01-2012,0
conlemi01-2012,0
cookbr01-2012,1
cookda02-2012,0
couside01-2012,0
crawfja01-2012,0
crawfjo02-2012,0
cunnida01-2012,0
curryed01-2012,0
curryst01-2012,0
dalemsa01-2012,0
dampier01-2012,1
daniema01-2012,0
davisba01-2012,1
davised01-2012,0
davisgl01-2012,0
davisjo02-2012,1
dawsoer01-2012,1
dayeau01-2012,0
delfica01-2012,0
denglu01-2012,0
dentmju01-2012,0
derozde01-2012,0
diawbo01-2012,0
dioguik01-2012,1
diopde01-2012,0
doolike01-2012,0
douglto01-2012,0
dragigo01-2012,0
dudleja01-2012,0
duhonch01-2012,0
duncati01-2012,0
dunlemi02-2012,0
duranke01-2012,0
dysonje01-2012,1
ebankde01-2012,0
ellinwa01-2012,0
ellismo01-2012,0
elsonfr01-2012,1
emmetan01-2012,1
erdense01-2012,1
evansje01-2012,0
evansma01-2012,1
evansre01-2012,0
evansty01-2012,0
eyengch01-2012,1
farieke01-2012,0
farmajo01-2012,1
favorde01-2012,0
feltora01-2012,0
fernaru01-2012,1
fesenky01-2012,1
fieldla01-2012,0
fishede01-2012,0
flynnjo01-2012,1
footeje01-2012,1
forbega01-2012,1
fordtj01-2012,1
fortsco01-2012,1
fosteje01-2012,1
foyera01-2012,0
fredeji01-2012,0
fryech01-2012,1
gadzuda01-2012,1
gainesu01-2012,1
gallida01-2012,0
garcifr01-2012,0
garneke01-2012,0
gasolma01-2012,0
gasolpa01-2012,0
gayru01-2012,0
geeal01-2012,0
georgpa01-2012,0
gibsoda01-2012,0
gibsota01-2012,0
ginobma01-2012,0
gladnmi01-2012,1
gomesry01-2012,1
goodedr01-2012,0
gordobe01-2012,0
gordoer01-2012,0
gortama01-2012,0
goudean01-2012,0
grangda01-2012,0
grayaa01-2012,0
greenda02-2012,0
greenge01-2012,0
greenwi01-2012,0
greendo01-2012,1
griffbl01-2012,0
haddaha01-2012,0
hamiljo02-2012,0
hamilri01-2012,0
hansbty01-2012,0
haranlu01-2012,1
hardeja01-2012,0
harpeju01-2012,1
harrejo01-2012,0
harrial01-2012,0
harride01-2012,0
harrima01-2012,1
harrite01-2012,0
harrito02-2012,0
hasleud01-2012,0
hawessp01-2012,0
hayesch01-2012,0
haywago01-2012,0
haywala01-2012,0
haywobr01-2012,0
hendege02-2012,0
henryxa01-2012,0
hibbero01-2012,0
hicksjj01-2012,0
higgico01-2012,0
hilarne01-2012,0
hillge01-2012,0
hillgr01-2012,0
hilljo01-2012,0
hinriki01-2012,0
hobsoda01-2012,1
holidjr01-2012,0
holliry01-2012,0
honeyty01-2012,0
horfoal01-2012,0
hornede01-2012,1
howardw01-2012,0
howarjo01-2012,0
howarju01-2012,0
hudsole01-2012,1
hughela01-2012,1
humphkr01-2012,0
ibakase01-2012,0
iguodan01-2012,0
ilyaser01-2012,0
irvinky01-2012,0
iveyro01-2012,0
jackja01-2012,0
jacksre01-2012,0
jacksst02-2012,0
jamesda01-2012,0
jamesle01-2012,0
jamesmi01-2012,0
jamisan01-2012,0
jeffeal01-2012,0
jefferi01-2012,0
jeffrja01-2012,0
jenkich01-2012,0
jennibr01-2012,0
jerebjo01-2012,0
jianlyi01-2012,1
johnsam01-2012,0
johnsar02-2012,1
johnsca01-2012,1
johnsch03-2012,0
johnsiv01-2012,0
johnsja02-2012,1
johnsja01-2012,0
johnsjo02-2012,0
johnstr01-2012,1
johnswe01-2012,0
jonesda02-2012,0
jonesdo02-2012,0
jonesja02-2012,0
jonesso01-2012,0
jordade01-2012,0
jordaje01-2012,1
josepco01-2012,0
kamanch01-2012,0
kanteen01-2012,0
kaponja01-2012,1
kennedj01-2012,1
kiddja01-2012,0
kleizli01-2012,0
knighbr03-2012,0
korveky01-2012,0
koufoko01-2012,0
landrca01-2012,0
lawsoty01-2012,0
leeco01-2012,0
leeda02-2012,0
leema01-2012,0
leonaka01-2012,0
leslitr01-2012,1
leuerjo01-2012,0
lewisra02-2012,0
liggide01-2012,0
linje01-2012,0
livinsh01-2012,0
lopezbr01-2012,0
lopezro01-2012,0
loveke01-2012,0
lowryky01-2012,0
lucasjo02-2012,0
macksh01-2012,0
macklve01-2012,1
maggeco01-2012,0
magloja01-2012,1
mahinia01-2012,0
mariosh01-2012,0
martica01-2012,0
martike01-2012,0
martike02-2012,0
masonro01-2012,0
matthwe02-2012,0
maxieja01-2012,0
maynoer01-2012,0
mayooj01-2012,0
mbahalu01-2012,0
mcgeeja01-2012,0
mcgratr01-2012,1
mcguido01-2012,0
mcrobjo01-2012,0
meeksjo01-2012,0
milescj01-2012,0
milicda01-2012,0
millean02-2012,0
millebr01-2012,1
millemi01-2012,0
millspa02-2012,0
millspa01-2012,0
mohamna01-2012,0
monrogr01-2012,0
moonja01-2012,1
mooreet01-2012,0
mooremi01-2012,1
morrida01-2012,0
morrima03-2012,0
morrima02-2012,0
morroan01-2012,0
mozgoti01-2012,0
mulleby01-2012,0
murphtr01-2012,0
ndiayha01-2012,1
najered01-2012,1
nashst01-2012,0
nealga01-2012,0
nelsoja01-2012,0
noahjo01-2012,0
nocioan01-2012,1
novakst01-2012,0
nowitdi01-2012,0
onealje01-2012,0
odomla01-2012,0
okafoem01-2012,0
okurme01-2012,1
ortonda01-2012,0
outlatr01-2012,0
owensla01-2012,1
pachuza01-2012,0
pargoja01-2012,0
pargoje01-2012,0
parkean01-2012,1
parketo01-2012,0
parsoch01-2012,0
pattepa01-2012,0
paulch01-2012,0
pavloal01-2012,0
pekovni01-2012,0
perkike01-2012,0
petrojo01-2012,0
piercpa01-2012,0
pietrmi01-2012,0
pittmde01-2012,0
pondequ01-2012,0
priceaj01-2012,0
pricero01-2012,0
princta01-2012,0
przybjo01-2012,0
radmavl01-2012,0
randoan01-2012,0
randoza01-2012,0
reddmi01-2012,1
redicjj01-2012,0
reidry01-2012,1
richaja01-2012,0
richaqu01-2012,0
ridnolu01-2012,0
robinna01-2012,0
rondora01-2012,0
rosede01-2012,1
rubiori01-2012,0
rushbr01-2012,0
russewa02-2012,1
salmojo01-2012,0
samuesa01-2012,0
sandela01-2012,0
scalabr01-2012,1
scolalu01-2012,0
sefolth01-2012,0
selbyjo01-2012,0
serapke01-2012,0
sessira01-2012,0
shumpim01-2012,0
silasxa01-2012,1
simmobo01-2012,1
singlch01-2012,0
singlja01-2012,1
skinnbr01-2012,1
sloando01-2012,0
smithcr01-2012,1
smithgr02-2012,0
smithis01-2012,0
smithjr01-2012,0
smithja02-2012,0
smithje01-2012,1
smithjo03-2012,0
smithno01-2012,0
speigma01-2012,0
splitti01-2012,0
stackje01-2012,0
stephla01-2012,0
stevede01-2012,0
stiemgr01-2012,0
stoneju01-2012,0
stoudam01-2012,0
stuckro01-2012,0
summeda01-2012,0
teaguje01-2012,0
telfase01-2012,0
terryja01-2012,0
thabeha01-2012,0
thomais02-2012,0
thomaku01-2012,0
thomala01-2012,0
thomama01-2012,0
thomaty01-2012,0
thomptr02-2012,1
thompja02-2012,0
thompkl01-2012,0
thompmy02-2012,1
thomptr01-2012,0
thornma01-2012,0
tinslja01-2012,0
tollian01-2012,0
turiaro01-2012,0
turkohe01-2012,0
turneev01-2012,0
tylerje01-2012,0
ubileed01-2012,1
udohek01-2012,0
udrihbe01-2012,0
uzohbe01-2012,1
varejan01-2012,0
vasqugr01-2012,0
veselja01-2012,0
villach01-2012,0
vucevni01-2012,0
wadedw01-2012,0
wafervo01-2012,1
walkebi01-2012,1
walkeke02-2012,0
walljo01-2012,0
wallabe01-2012,1
wallage01-2012,0
waltolu01-2012,0
warriha01-2012,0
watkida01-2012,1
watsocj01-2012,0
watsoea01-2012,0
webstma02-2012,0
westda01-2012,0
westde01-2012,1
westbru01-2012,0
whitedj01-2012,0
whiteha01-2012,1
wilcoch01-2012,0
wilkida02-2012,0
willide01-2012,0
willide02-2012,0
williel01-2012,1
willijo03-2012,1
willilo02-2012,0
willima02-2012,0
willima01-2012,0
willire02-2012,0
willise01-2012,1
willish03-2012,1
willish02-2012,1
willite01-2012,0
artesro01-2012,0
wrighbr03-2012,0
wrighch01-2012,1
wrighdo01-2012,0
youngni01-2012,0
youngsa01-2012,0
youngth01-2012,0
acyqu01-2013,0
adrieje01-2013,0
afflaar01-2013,0
akognjo01-2013,1
aldrico01-2013,0
aldrila01-2013,0
allenla01-2013,0
allenra02-2013,0
allento01-2013,0
aminual01-2013,0
amundlo01-2013,0
anderch01-2013,0
anderal01-2013,0
anderja01-2013,0
anderry01-2013,0
anthoca01-2013,0
anthojo01-2013,0
arizatr01-2013,0
arthuda01-2013,0
asikom01-2013,0
augusdj01-2013,0
ayongu01-2013,0
pendeje02-2013,0
babbilu01-2013,0
barbole01-2013,0
bareajo01-2013,0
bargnan01-2013,0
barneha02-2013,0
barnema02-2013,0
barroea01-2013,1
bartowi01-2013,0
bassbr01-2013,0
battish01-2013,0
batumni01-2013,0
bayleje01-2013,0
baynear01-2013,0
bazemke01-2013,0
bealbr01-2013,0
beaslmi01-2013,0
beaubro01-2013,1
belinma01-2013,0
beverpa01-2013,0
biedran01-2013,0
billuch01-2013,0
biyombi01-2013,0
blairde01-2013,0
blakest01-2013,0
blatcan01-2013,0
bledser01-2013,0
boganke01-2013,0
bogutan01-2013,0
bonnema01-2013,0
booketr01-2013,0
boozeca01-2013,0
boshch01-2013,0
bradlav01-2013,0
brandel01-2013,0
breweco01-2013,0
brewero02-2013,0
brookaa01-2013,0
brookma01-2013,0
brownkw01-2013,1
brownsh01-2013,0
bryanko01-2013,0
budinch01-2013,0
burksal01-2013,0
butleca01-2013,0
butleji01-2013,0
bynumwi01-2013,0
caldejo01-2013,0
cambyma01-2013,1
carrode01-2013,0
carroma01-2013,1
cartevi01-2013,0
casspom01-2013,0
chalmma01-2013,0
chandty01-2013,0
chandwi01-2013,0
childjo01-2013,0
clarkea01-2013,0
clavevi01-2013,0
coleno01-2013,0
collija04-2013,0
collida01-2013,0
collini01-2013,0
conlemi01-2013,0
conrowi01-2013,1
cookda02-2013,1
copelch01-2013,0
couside01-2013,0
crawfja01-2013,0
crawfjo02-2013,0
crowdja01-2013,0
cunnida01-2013,0
cunnija01-2013,0
curryed01-2013,1
curryst01-2013,0
dalemsa01-2013,0
daniema01-2013,1
davisan02-2013,0
davised01-2013,0
davisgl01-2013,0
dayeau01-2013,0
decolna01-2013,0
delfica01-2013,1
denglu01-2013,0
dentmju01-2013,1
derozde01-2013,0
diawbo01-2013,0
diopde01-2013,1
doolike01-2013,1
douglto01-2013,0
douglch01-2013,0
dragigo01-2013,0
drumman01-2013,0
dudleja01-2013,0
duhonch01-2013,1
duncati01-2013,0
dunlemi02-2013,0
duranke01-2013,0
ebankde01-2013,1
ellinwa01-2013,0
ellismo01-2013,0
engliki01-2013,1
evansje01-2013,0
evansre01-2013,0
evansty01-2013,0
ezelife01-2013,1
farieke01-2013,0
favorde01-2013,0
feltora01-2013,0
fieldla01-2013,0
fishede01-2013,0
fournev01-2013,0
foyera01-2013,0
fredeji01-2013,0
freeljo01-2013,0
gallida01-2013,1
garcifr01-2013,0
garneke01-2013,0
garredi02-2013,0
gasolma01-2013,0
gasolpa01-2013,0
gayru01-2013,0
geeal01-2013,0
gelabmi01-2013,1
georgpa01-2013,0
gibsoda01-2013,1
gibsota01-2013,0
ginobma01-2013,0
goodedr01-2013,0
gordobe01-2013,0
gordoer01-2013,0
gortama01-2013,0
goudean01-2013,1
grangda01-2013,0
grayaa01-2013,0
greenda02-2013,0
greendr01-2013,0
greenge01-2013,0
greenje02-2013,0
greenwi01-2013,0
griffbl01-2013,0
haddaha01-2013,1
hamiljo02-2013,0
hamilri01-2013,1
hansbbe01-2013,1
hansbty01-2013,0
hardeja01-2013,0
harklma01-2013,0
harrejo01-2013,0
harrial01-2013,0
harride01-2013,0
harrite01-2013,1
harrito02-2013,0
hasleud01-2013,0
hawessp01-2013,0
hayesch01-2013,0
haywago01-2013,0
haywala01-2013,1
haywobr01-2013,1
hendege02-2013,0
henryxa01-2013,0
hensojo01-2013,0
hibbero01-2013,0
hicksjj01-2013,0
higgico01-2013,1
hilarne01-2013,0
hillge01-2013,0
hillgr01-2013,1
hilljo01-2013,0
hinriki01-2013,0
holidjr01-2013,0
holidju01-2013,1
holliry01-2013,0
honeyty01-2013,1
horfoal01-2013,0
howardw01-2013,0
howarjo01-2013,1
howarju01-2013,1
humphkr01-2013,0
ibakase01-2013,0
iguodan01-2013,0
ilyaser01-2013,0
irvinky01-2013,0
iveyro01-2013,0
jackja01-2013,0
jacksre01-2013,0
jacksst02-2013,0
jamesbe01-2013,0
jamesda01-2013,0
jamesle01-2013,0
jamesmi01-2013,0
jamisan01-2013,0
jeffeal01-2013,0
jefferi01-2013,0
jeffrja01-2013,1
jenkich01-2013,1
jenkijo01-2013,0
jennibr01-2013,0
jerebjo01-2013,0
johnsam01-2013,0
johnsch03-2013,1
johnsch04-2013,0
johnsiv01-2013,1
johnsja01-2013,0
johnsjo02-2013,0
johnsor01-2013,0
johnswe01-2013,0
johnsda03-2013,0
jonesda02-2013,1
jonesde01-2013,1
jonesdo02-2013,1
jonesja02-2013,0
joneske01-2013,1
jonespe01-2013,0
jonesso01-2013,0
joneste01-2013,0
jordade01-2013,0
josepco01-2013,0
josepkr01-2013,1
kamanch01-2013,0
kanteen01-2013,0
kiddja01-2013,1
kiddgmi01-2013,0
kirilan01-2013,0
kleizli01-2013,1
knighbr03-2013,0
korveky01-2013,0
koufoko01-2013,0
kravtvi01-2013,0
lambdo01-2013,0
lambje01-2013,0
landrca01-2013,0
lawsoty01-2013,0
leeco01-2013,0
leeda02-2013,0
leema01-2013,1
leonaka01-2013,0
leoname01-2013,0
leuerjo01-2013,0
lewisra02-2013,0
liggide01-2013,0
lillada01-2013,0
linje01-2013,0
livinsh01-2013,0
lopezbr01-2013,0
lopezro01-2013,0
loveke01-2013,0
lowryky01-2013,0
lucasjo02-2013,0
machasc01-2013,1
macksh01-2013,0
maggeco01-2013,1
mahinia01-2013,0
mariosh01-2013,0
marshke01-2013,0
martica01-2013,0
martike01-2013,0
martike02-2013,0
masonro01-2013,0
matthwe02-2013,0
maxieja01-2013,0
maynoer01-2013,0
mayooj01-2013,0
mbahalu01-2013,0
mcgeeja01-2013,0
mcguido01-2013,1
mcrobjo01-2013,0
meeksjo01-2013,0
melofa01-2013,1
middlkh01-2013,0
milescj01-2013,0
milicda01-2013,1
millean02-2013,0
milleda01-2013,0
millemi01-2013,0
millequ01-2013,0
millspa02-2013,0
millspa01-2013,0
mohamna01-2013,0
monrogr01-2013,0
mooreet01-2013,0
morrida01-2013,0
morrima03-2013,0
morrima02-2013,0
morroan01-2013,0
motiedo01-2013,0
moultar01-2013,0
mozgoti01-2013,0
mulleby01-2013,0
murphke01-2013,1
murphtr01-2013,1
nashst01-2013,0
nealga01-2013,0
nelsoja01-2013,0
nichoan01-2013,0
noahjo01-2013,0
novakst01-2013,0
nowitdi01-2013,0
onealje01-2013,0
oquinky01-2013,0
odomla01-2013,1
ohlbrti01-2013,1
okafoem01-2013,1
ortonda01-2013,0
outlatr01-2013,0
pachuza01-2013,0
pargoja01-2013,0
pargoje01-2013,1
parketo01-2013,0
parsoch01-2013,0
pattepa01-2013,0
paulch01-2013,0
pavloal01-2013,1
pekovni01-2013,0
perkike01-2013,0
petrojo01-2013,1
piercpa01-2013,0
pietrmi01-2013,1
pittmde01-2013,0
plumlmi01-2013,0
pondequ01-2013,0
priceaj01-2013,0
pricero01-2013,0
prigipa01-2013,0
princta01-2013,0
przybjo01-2013,1
quinnch01-2013,1
radmavl01-2013,1
randoan01-2013,0
randosh01-2013,0
randoza01-2013,0
redicjj01-2013,0
richaja01-2013,1
richaqu01-2013,1
ridnolu01-2013,0
riverau01-2013,0
roberbr01-2013,0
robinna01-2013,0
robinth01-2013,0
rondora01-2013,0
rosste01-2013,0
roybr01-2013,1
rubiori01-2013,0
rushbr01-2013,0
sacrero01-2013,0
salmojo01-2013,0
samuesa01-2013,1
sandela01-2013,0
scolalu01-2013,0
scottmi01-2013,0
sefolth01-2013,0
selbyjo01-2013,1
serapke01-2013,0
sessira01-2013,0
shengto01-2013,0
shumpim01-2013,0
shvedal01-2013,0
simshe01-2013,0
singlky01-2013,0
singlch01-2013,0
sloando01-2013,0
smithgr02-2013,0
smithis01-2013,0
smithjr01-2013,0
smithja02-2013,0
smithjo03-2013,0
smithno01-2013,1
speigma01-2013,0
splitti01-2013,0
stackje01-2013,1
stephla01-2013,0
stevede01-2013,1
stiemgr01-2013,0
stoneju01-2013,0
stoudam01-2013,0
stuckro01-2013,0
sullija01-2013,0
summeda01-2013,1
tayloje03-2013,0
tayloty01-2013,0
teaguje01-2013,0
teaguma01-2013,0
teletmi01-2013,0
telfase01-2013,1
templga01-2013,0
terryja01-2013,0
thabeha01-2013,0
thomais02-2013,0
thomaku01-2013,1
thomala01-2013,0
thomama01-2013,0
thomaty01-2013,1
thompja02-2013,0
thompkl01-2013,0
thomptr01-2013,0
thornma01-2013,0
tinslja01-2013,0
tollian01-2013,0
tuckepj01-2013,0
turiaro01-2013,0
turkohe01-2013,0
turneev01-2013,0
tylerje01-2013,0
udohek01-2013,0
udrihbe01-2013,0
valanjo01-2013,0
varejan01-2013,0
varnaja01-2013,0
vasqugr01-2013,0
veselja01-2013,0
villach01-2013,0
vucevni01-2013,0
wadedw01-2013,0
waitedi01-2013,0
walkeke02-2013,0
walljo01-2013,0
wallage01-2013,0
wallara01-2013,1
waltolu01-2013,1
warriha01-2013,1
watsocj01-2013,0
watsoea01-2013,0
waynsma01-2013,0
webstma02-2013,0
westda01-2013,0
westbru01-2013,0
whitedj01-2013,0
whiteja02-2013,1
wilcoch01-2013,1
wilkida02-2013,1
willide01-2013,0
willide02-2013,0
willilo02-2013,0
willima02-2013,0
willima01-2013,0
willire02-2013,0
willite01-2013,1
artesro01-2013,0
wrighbr03-2013,0
wrighch02-2013,1
wrighdo01-2013,0
wroteto01-2013,0
youngni01-2013,0
youngsa01-2013,1
youngth01-2013,0
zellelu01-2013,1
zellety01-2013,0
acyqu01-2014,0
adamsst01-2014,0
adrieje01-2014,0
afflaar01-2014,0
ajincal01-2014,0
aldrico01-2014,0
aldrila01-2014,0
allenla01-2014,0
allenra02-2014,1
allento01-2014,0
aminual01-2014,0
amundlo01-2014,0
anderch01-2014,0
anderal01-2014,0
anderja01-2014,1
anderry01-2014,0
antetgi01-2014,0
anthoca01-2014,0
anthojo01-2014,0
anticpe01-2014,0
arizatr01-2014,0
armsthi01-2014,1
arthuda01-2014,0
asikom01-2014,0
augusdj01-2014,0
ayongu01-2014,1
pendeje02-2014,0
babbch01-2014,1
babbilu01-2014,0
barbole01-2014,0
bareajo01-2014,0
bargnan01-2014,0
barneha02-2014,0
barnema02-2014,0
bartowi01-2014,0
bassbr01-2014,0
battish01-2014,1
batumni01-2014,0
bayleje01-2014,0
baynear01-2014,0
bazemke01-2014,0
bealbr01-2014,0
beaslmi01-2014,0
belinma01-2014,0
bennean01-2014,0
beverpa01-2014,0
biedran01-2014,1
billuch01-2014,1
biyombi01-2014,0
blairde01-2014,0
blakest01-2014,0
blatcan01-2014,1
bledser01-2014,0
blueva01-2014,0
boganke01-2014,1
bogutan01-2014,0
bonnema01-2014,0
booketr01-2014,0
boozeca01-2014,0
boshch01-2014,0
bradlav01-2014,0
brandel01-2014,0
breweco01-2014,0
brewero02-2014,1
brookaa01-2014,0
brookma01-2014,1
brownlo01-2014,0
brownsh01-2014,0
bryanko01-2014,0
budinch01-2014,0
bullore01-2014,0
burketr01-2014,0
burksal01-2014,0
butleca01-2014,0
butleji01-2014,0
butlera01-2014,0
buyckdw01-2014,0
bynuman01-2014,1
bynumwi01-2014,0
calatni01-2014,0
caldejo01-2014,0
caldwke01-2014,0
canaais01-2014,0
carrode01-2014,0
cartevi01-2014,0
cartemi01-2014,0
casspom01-2014,0
chalmma01-2014,0
chandty01-2014,0
chandwi01-2014,0
childjo01-2014,1
chrisdi01-2014,1
clarkea01-2014,0
clarkia01-2014,0
clavevi01-2014,0
coleno01-2014,0
collija04-2014,1
collida01-2014,0
collini01-2014,0
conlemi01-2014,0
copelch01-2014,0
couside01-2014,0
covinro01-2014,0
crabbal01-2014,0
crawfja01-2014,0
crawfjo02-2014,1
crowdja01-2014,0
cunnida01-2014,0
cunnija01-2014,0
curryse01-2014,0
curryst01-2014,0
dalemsa01-2014,0
danietr01-2014,0
datomlu01-2014,0
daviebr01-2014,0
davisan02-2014,0
davised01-2014,0
davisgl01-2014,0
dayeau01-2014,0
decolna01-2014,1
dedmode01-2014,0
dellama01-2014,0
denglu01-2014,0
derozde01-2014,0
diawbo01-2014,0
dienggo01-2014,0
douglto01-2014,0
douglch01-2014,0
dragigo01-2014,0
drumman01-2014,0
dudleja01-2014,0
duncati01-2014,0
dunlemi02-2014,0
duranke01-2014,0
edwarsh01-2014,1
ellinwa01-2014,0
ellismo01-2014,0
elyme01-2014,1
evansje01-2014,0
evansre01-2014,0
evansty01-2014,0
farieke01-2014,0
farmajo01-2014,0
favervi01-2014,1
favorde01-2014,0
felixca01-2014,1
feltora01-2014,0
fieldla01-2014,0
fishede01-2014,1
fournev01-2014,0
foyera01-2014,0
frankja01-2014,0
fredeji01-2014,0
freeljo01-2014,0
fryech01-2014,0
garcifr01-2014,0
garneke01-2014,0
garredi02-2014,1
gasolma01-2014,0
gasolpa01-2014,0
gayru01-2014,0
geeal01-2014,0
georgpa01-2014,0
gibsota01-2014,0
ginobma01-2014,0
goberru01-2014,0
gomesry01-2014,1
goodedr01-2014,0
goodwar01-2014,0
gordobe01-2014,0
gordoer01-2014,0
gortama01-2014,0
grangda01-2014,0
grayaa01-2014,1
greenda02-2014,0
greendr01-2014,0
greenge01-2014,0
greenje02-2014,0
greenwi01-2014,0
griffbl01-2014,0
gutiejo01-2014,0
hamiljo02-2014,0
hamilju01-2014,0
hansbty01-2014,0
hardati02-2014,0
hardeja01-2014,0
harklma01-2014,0
harrejo01-2014,1
harrial01-2014,1
harride01-2014,0
harriel01-2014,1
harrima01-2014,1
harrimi01-2014,1
harrito02-2014,0
hasleud01-2014,0
hawessp01-2014,0
hayesch01-2014,0
haywago01-2014,0
hendege02-2014,0
henryxa01-2014,0
hensojo01-2014,0
hibbero01-2014,0
hicksjj01-2014,0
hilarne01-2014,0
hillge01-2014,0
hilljo01-2014,0
hillso01-2014,0
hinriki01-2014,0
holidjr01-2014,0
holliry01-2014,0
hopsosc01-2014,1
horfoal01-2014,0
howardw01-2014,0
hummero01-2014,0
humphkr01-2014,0
ibakase01-2014,0
iguodan01-2014,0
ilyaser01-2014,0
irvinky01-2014,0
iveyro01-2014,1
jackja01-2014,0
jacksre01-2014,0
jacksst02-2014,1
jamesbe01-2014,0
jamesda01-2014,1
jamesle01-2014,0
jamesmi01-2014,1
jamisan01-2014,1
jeffeot01-2014,1
jeffeal01-2014,0
jefferi01-2014,0
jenkijo01-2014,0
jennibr01-2014,0
jerebjo01-2014,0
johnsam01-2014,0
johnsch04-2014,0
johnsja01-2014,0
johnsjo02-2014,0
johnsor01-2014,1
johnswe01-2014,0
johnsda03-2014,1
jonesja02-2014,0
jonespe01-2014,0
jonesso01-2014,1
joneste01-2014,0
jordade01-2014,0
josepco01-2014,0
kamanch01-2014,0
kanteen01-2014,0
karasse01-2014,0
kellyry01-2014,0
kiddgmi01-2014,0
kirilan01-2014,0
knighbr03-2014,0
korveky01-2014,0
koufoko01-2014,0
kravtvi01-2014,1
kuzmiog01-2014,0
lambdo01-2014,1
lambje01-2014,0
landrca01-2014,0
larkish01-2014,0
lawsoty01-2014,0
ledori01-2014,0
leeco01-2014,0
leeda02-2014,0
lenal01-2014,0
leonaka01-2014,0
leoname01-2014,0
leuerjo01-2014,0
lewisra02-2014,1
liggide01-2014,1
lillada01-2014,0
linje01-2014,0
livinsh01-2014,0
lopezbr01-2014,0
lopezro01-2014,0
loveke01-2014,0
lowryky01-2014,0
lucasjo02-2014,0
macksh01-2014,0
mahinia01-2014,0
mariosh01-2014,0
marshke01-2014,0
martica01-2014,0
martike01-2014,0
martike02-2014,0
masonro01-2014,1
matthwe02-2014,0
maxieja01-2014,0
maynoer01-2014,1
mayooj01-2014,0
mbahalu01-2014,0
mccalra01-2014,0
mccolcj01-2014,0
mcgeeja01-2014,0
mclembe01-2014,0
mcrobjo01-2014,0
meeksjo01-2014,0
mekelga01-2014,0
middlkh01-2014,0
milescj01-2014,0
millean02-2014,0
milleda01-2014,0
millemi01-2014,0
millequ01-2014,0
millspa02-2014,0
millspa01-2014,0
mitchto02-2014,1
mitchto03-2014,1
mohamna01-2014,0
monrogr01-2014,0
mooreet01-2014,0
morrida01-2014,0
morrima03-2014,0
morrima02-2014,0
morroan01-2014,0
motiedo01-2014,0
moultar01-2014,1
mozgoti01-2014,0
muhamsh01-2014,0
mulleby01-2014,1
murpher01-2014,1
murryto01-2014,0
muscami01-2014,0
ndiayha01-2014,1
nashst01-2014,1
nealga01-2014,0
nedovne01-2014,1
nelsoja01-2014,0
nichoan01-2014,0
noahjo01-2014,0
novakst01-2014,0
nowitdi01-2014,0
nunnaja01-2014,1
onealje01-2014,1
oquinky01-2014,0
odengr01-2014,1
oladivi01-2014,0
olynyke01-2014,0
onuakar01-2014,0
ortonda01-2014,1
outlatr01-2014,1
pachuza01-2014,0
pargoja01-2014,0
parketo01-2014,0
parsoch01-2014,0
pattepa01-2014,0
paulch01-2014,0
pekovni01-2014,0
perkike01-2014,0
piercpa01-2014,0
pittmde01-2014,1
plumlma01-2014,0
plumlmi01-2014,0
pondequ01-2014,0
porteot01-2014,0
poweljo01-2014,1
pressph01-2014,0
priceaj01-2014,0
pricero01-2014,0
prigipa01-2014,0
princta01-2014,0
radulmi01-2014,0
randoan01-2014,1
randosh01-2014,0
randoza01-2014,0
redicjj01-2014,0
ricegl02-2014,0
ridnolu01-2014,0
riverau01-2014,0
roberan03-2014,0
roberbr01-2014,0
robinna01-2014,0
robinth01-2014,0
rondora01-2014,0
rosede01-2014,0
rosste01-2014,0
rubiori01-2014,0
rushbr01-2014,0
sacrero01-2014,0
salmojo01-2014,0
sandela01-2014,0
schrode01-2014,0
scolalu01-2014,0
scottmi01-2014,0
sefolth01-2014,0
serapke01-2014,0
sessira01-2014,0
shakumu01-2014,1
shengto01-2014,1
shumpim01-2014,0
shvedal01-2014,0
simshe01-2014,0
singlky01-2014,0
singlch01-2014,1
sivape01-2014,1
sloando01-2014,0
smithch05-2014,1
smithgr02-2014,0
smithis01-2014,0
smithjr01-2014,0
smithja02-2014,0
smithjo03-2014,0
snellto01-2014,0
southja01-2014,1
speigma01-2014,0
splitti01-2014,0
stephdj01-2014,1
stephla01-2014,0
stiemgr01-2014,0
stoneju01-2014,1
stoudam01-2014,0
stuckro01-2014,0
sullija01-2014,0
tayloje03-2014,0
tayloty01-2014,1
teaguje01-2014,0
teaguma01-2014,1
teletmi01-2014,0
templga01-2014,0
terryja01-2014,0
thabeha01-2014,1
thomaad01-2014,1
thomais02-2014,0
thomala01-2014,0
thomama01-2014,0
thompho01-2014,0
thompja02-2014,0
thompkl01-2014,0
thomptr01-2014,0
thornma01-2014,0
tinslja01-2014,1
tollian01-2014,0
tuckepj01-2014,0
turiaro01-2014,0
turkohe01-2014,0
turneev01-2014,0
tylerje01-2014,1
udohek01-2014,0
udrihbe01-2014,0
valanjo01-2014,0
varejan01-2014,0
varnaja01-2014,1
vasqugr01-2014,0
veselja01-2014,1
villach01-2014,0
vucevni01-2014,0
vujacsa01-2014,1
wadedw01-2014,0
waitedi01-2014,0
walkeke02-2014,0
walljo01-2014,0
wallage01-2014,0
wareca01-2014,1
watsocj01-2014,0
watsoea01-2014,1
waynsma01-2014,1
webstma02-2014,0
westda01-2014,0
westbru01-2014,0
whitedj01-2014,1
whitero03-2014,1
willide01-2014,0
willide02-2014,0
williel01-2014,0
willilo02-2014,0
willima02-2014,0
willima01-2014,0
willire02-2014,0
willish03-2014,0
witheje01-2014,0
woltena01-2014,0
artesro01-2014,1
wrighbr03-2014,0
wrighch01-2014,1
wrighdo01-2014,0
wroteto01-2014,0
youngni01-2014,0
youngth01-2014,0
zelleco01-2014,0
zellety01-2014,0
acyqu01-2015,0
adamsjo01-2015,0
adamsst01-2015,0
adrieje01-2015,1
afflaar01-2015,0
ajincal01-2015,0
aldemfu01-2015,1
aldrico01-2015,0
aldrila01-2015,0
allenla01-2015,0
allento01-2015,0
aminual01-2015,0
amundlo01-2015,0
anderch01-2015,0
anderal01-2015,0
anderky01-2015,0
anderry01-2015,0
antetgi01-2015,0
anthoca01-2015,0
anthojo01-2015,0
anticpe01-2015,1
arizatr01-2015,0
arthuda01-2015,0
asikom01-2015,0
augusdj01-2015,0
pendeje02-2015,0
babbilu01-2015,0
bairsca01-2015,0
barbole01-2015,0
bareajo01-2015,0
bargnan01-2015,0
barneha02-2015,0
barnema02-2015,0
barroea01-2015,1
bartowi01-2015,0
bassbr01-2015,0
batumni01-2015,0
bayleje01-2015,0
baynear01-2015,0
bazemke01-2015,0
bealbr01-2015,0
beaslmi01-2015,0
belinma01-2015,0
benimje01-2015,1
bennean01-2015,0
beverpa01-2015,0
bhullsi01-2015,1
biyombi01-2015,0
blackta01-2015,0
blairde01-2015,0
blakest01-2015,0
bledser01-2015,0
blueva01-2015,1
bogdabo02-2015,0
bogutan01-2015,0
bonnema01-2015,0
booketr01-2015,0
boozeca01-2015,1
boshch01-2015,0
bradlav01-2015,0
brandel01-2015,0
breweco01-2015,0
brookaa01-2015,0
brownja01-2015,1
brownlo01-2015,0
brownma02-2015,0
brownsh01-2015,1
bryanko01-2015,0
budinch01-2015,0
bullore01-2015,0
burketr01-2015,0
burksal01-2015,0
butleca01-2015,0
butleji01-2015,0
butlera01-2015,0
buyckdw01-2015,1
bynumwi01-2015,1
cabocbr01-2015,0
calatni01-2015,1
caldejo01-2015,0
caldwke01-2015,0
canaais01-2015,0
capelca01-2015,0
carrode01-2015,0
cartevi01-2015,0
cartemi01-2015,0
casspom01-2015,0
chalmma01-2015,0
chandty01-2015,0
chandwi01-2015,1
cherrwi01-2015,1
chrispa01-2015,1
clarkea01-2015,1
clarkia01-2015,0
clarkjo01-2015,0
clavevi01-2015,1
coleno01-2015,0
collida01-2015,0
collini01-2015,0
conlemi01-2015,0
cooleja01-2015,1
copelch01-2015,0
cottobr01-2015,0
couside01-2015,0
covinro01-2015,0
crabbal01-2015,0
crawfja01-2015,0
crowdja01-2015,0
cunnida01-2015,0
cunnija01-2015,0
curryse01-2015,0
curryst01-2015,0
dalemsa01-2015,1
danietr01-2015,0
datomlu01-2015,1
daviebr01-2015,1
davisan02-2015,0
davised01-2015,0
davisgl01-2015,1
dawkian01-2015,1
dayeau01-2015,1
dedmode01-2015,0
dellama01-2015,0
denglu01-2015,0
derozde01-2015,0
diawbo01-2015,0
dienggo01-2015,0
dinwisp01-2015,0
dorsejo01-2015,1
douglto01-2015,0
douglch01-2015,1
dragigo01-2015,0
dragizo01-2015,1
drewla02-2015,1
drumman01-2015,0
dudleja01-2015,0
duncati01-2015,0
dunlemi02-2015,0
duranke01-2015,0
earlycl01-2015,0
ellinwa01-2015,0
ellismo01-2015,0
ennisja01-2015,0
ennisty01-2015,0
evansje01-2015,0
evansre01-2015,1
evansty01-2015,0
exumda01-2015,1
ezelife01-2015,0
farieke01-2015,0
farmajo01-2015,0
favorde01-2015,0
feltora01-2015,0
fieldla01-2015,1
fournev01-2015,0
foyera01-2015,0
frankja01-2015,1
fraziti01-2015,0
fredeji01-2015,0
freeljo01-2015,1
fryech01-2015,0
gallida01-2015,0
gallola01-2015,0
garcifr01-2015,1
garneke01-2015,0
gasolma01-2015,0
gasolpa01-2015,0
gayru01-2015,0
geeal01-2015,0
georgpa01-2015,0
gibsota01-2015,0
ginobma01-2015,0
goberru01-2015,0
goodedr01-2015,0
goodwar01-2015,0
gordoaa01-2015,0
gordobe01-2015,1
gordodr01-2015,1
gordoer01-2015,0
gortama01-2015,0
grangda01-2015,1
grantje01-2015,0
greenda02-2015,0
greendr01-2015,0
greener01-2015,0
greenge01-2015,0
greenja01-2015,0
greenje02-2015,0
greenwi01-2015,1
griffbl01-2015,0
gutiejo01-2015,0
hairspj02-2015,0
hamiljo02-2015,0
hamilju01-2015,1
hansbty01-2015,0
hardati02-2015,0
hardeja01-2015,0
harklma01-2015,0
harride01-2015,0
harriga01-2015,0
harrijo01-2015,0
harrito02-2015,0
hasleud01-2015,0
hawessp01-2015,0
hayesch01-2015,0
haywago01-2015,0
haywobr01-2015,1
hendege02-2015,0
henryxa01-2015,1
hensojo01-2015,0
hibbero01-2015,0
hicksjj01-2015,0
hilarne01-2015,0
hillge01-2015,0
hilljo01-2015,0
hillso01-2015,0
hinriki01-2015,0
holidjr01-2015,0
holidju01-2015,0
holliry01-2015,0
hoodro01-2015,0
horfoal01-2015,0
howardw01-2015,0
hudsole01-2015,1
hummero01-2015,1
humphkr01-2015,0
ibakase01-2015,0
iguodan01-2015,0
ilyaser01-2015,0
inglejo01-2015,0
irvinky01-2015,0
jackja01-2015,0
jacksre01-2015,0
jamesbe01-2015,1
jamesle01-2015,0
jeffeal01-2015,0
jeffeco01-2015,0
jefferi01-2015,0
jenkijo01-2015,0
jennibr01-2015,0
jerebjo01-2015,0
jerregr01-2015,1
johnsam01-2015,0
johnsch04-2015,0
johnsja01-2015,0
johnsjo02-2015,0
johnsni01-2015,1
johnsty01-2015,0
johnswe01-2015,0
jonesda02-2015,0
jonesja02-2015,0
jonespe01-2015,1
joneste01-2015,0
jordade01-2015,0
jordaje01-2015,1
josepco01-2015,0
kamanch01-2015,0
kanteen01-2015,0
karasse01-2015,0
kellyry01-2015,0
kiddgmi01-2015,0
kilpase01-2015,0
kirilan01-2015,1
kirkal01-2015,1
knighbr03-2015,0
korveky01-2015,0
koufoko01-2015,0
kuzmiog01-2015,1
lambje01-2015,0
landrca01-2015,0
larkish01-2015,0
lauvejo01-2015,0
lavinza01-2015,0
lawsoty01-2015,0
ledori01-2015,1
leeco01-2015,0
leeda02-2015,0
leema01-2015,1
lenal01-2015,0
leonaka01-2015,0
leoname01-2015,0
leuerjo01-2015,0
lillada01-2015,0
linje01-2015,0
livinsh01-2015,0
lopezbr01-2015,0
lopezro01-2015,0
loveke01-2015,0
lowryky01-2015,0
lucaska01-2015,1
lucasjo02-2015,1
macksh01-2015,0
mahinia01-2015,0
marblde01-2015,0
mariosh01-2015,1
marshke01-2015,0
martica01-2015,1
martike01-2015,1
martike02-2015,0
matthwe02-2015,0
maxieja01-2015,1
mayooj01-2015,0
mbahalu01-2015,0
mcadoja01-2015,0
mccalra01-2015,0
mccolcj01-2015,0
mcdankj01-2015,0
mcderdo01-2015,0
mcgarmi01-2015,0
mcgeeja01-2015,0
mclembe01-2015,0
mcneaje01-2015,1
mcrobjo01-2015,0
meeksjo01-2015,0
mekelga01-2015,1
middlkh01-2015,0
milescj01-2015,0
millean02-2015,0
milleda01-2015,1
millemi01-2015,0
millequ01-2015,1
millspa02-2015,0
millsel01-2015,0
millspa01-2015,0
mirotni01-2015,0
mohamna01-2015,0
monrogr01-2015,0
mooreet01-2015,0
moreler01-2015,0
morrida01-2015,1
morrima03-2015,0
morrima02-2015,0
morroan01-2015,0
motiedo01-2015,0
mozgoti01-2015,0
muhamsh01-2015,0
murryto01-2015,1
muscami01-2015,0
napiesh01-2015,0
nealga01-2015,0
nelsoja01-2015,0
nichoan01-2015,0
noahjo01-2015,0
noelne01-2015,0
noguelu01-2015,0
novakst01-2015,0
nowitdi01-2015,0
nurkiju01-2015,0
obryajo01-2015,0
oquinky01-2015,0
oladivi01-2015,0
olynyke01-2015,0
onuakar01-2015,1
pachuza01-2015,0
papanko01-2015,0
pargoja01-2015,1
parkeja01-2015,0
parketo01-2015,0
parsoch01-2015,0
pattepa01-2015,0
paulch01-2015,0
paynead01-2015,0
paytoel01-2015,0
pekovni01-2015,0
perkike01-2015,0
piercpa01-2015,0
plumlma01-2015,0
plumlmi01-2015,0
pondequ01-2015,1
porteot01-2015,0
poweldw01-2015,0
pressph01-2015,0
priceaj01-2015,1
pricero01-2015,0
prigipa01-2015,0
princta01-2015,0
radulmi01-2015,1
randlju01-2015,0
randosh01-2015,1
randoza01-2015,0
redicjj01-2015,0
ricegl02-2015,1
richaja01-2015,1
ridnolu01-2015,1
riverau01-2015,0
roberan03-2015,0
roberbr01-2015,0
robingl02-2015,0
robinna01-2015,0
robinth01-2015,0
rondora01-2015,0
rosede01-2015,0
rosste01-2015,0
rubiori01-2015,0
rudezda01-2015,0
rushbr01-2015,0
sacrero01-2015,0
salmojo01-2015,1
sampsja02-2015,0
sandela01-2015,1
schrode01-2015,0
scolalu01-2015,0
scottmi01-2015,0
sefolth01-2015,0
serapke01-2015,0
sessira01-2015,0
shumpim01-2015,0
shvedal01-2015,1
simshe01-2015,0
singlky01-2015,0
sloando01-2015,0
smartma01-2015,0
smithgr02-2015,0
smithis01-2015,0
smithjr01-2015,0
smithja02-2015,0
smithjo03-2015,0
smithru01-2015,0
snellto01-2015,0
speigma01-2015,0
splitti01-2015,0
stausni01-2015,0
stephla01-2015,0
stiemgr01-2015,1
stockda01-2015,1
stokeja01-2015,0
stoudam01-2015,0
stuckro01-2015,0
sullija01-2015,0
tayloje03-2015,1
teaguje01-2015,0
teletmi01-2015,0
telfase01-2015,1
templga01-2015,0
terryja01-2015,0
thomais02-2015,0
thomala01-2015,0
thomama01-2015,1
thomaty01-2015,1
thompho01-2015,0
thompja02-2015,0
thompkl01-2015,0
thomptr01-2015,0
thornma01-2015,0
tollian01-2015,0
tuckepj01-2015,0
turiaro01-2015,1
turkohe01-2015,1
turneev01-2015,0
udohek01-2015,1
udrihbe01-2015,0
valanjo01-2015,0
varejan01-2015,0
vasqugr01-2015,0
villach01-2015,0
vonleno01-2015,0
vucevni01-2015,0
wadedw01-2015,0
waitedi01-2015,0
walkebi01-2015,1
walkeke02-2015,0
walljo01-2015,0
wallage01-2015,1
warretj01-2015,0
watsocj01-2015,0
wearda01-2015,1
weartr01-2015,1
webstma02-2015,1
westda01-2015,0
westbru01-2015,0
whiteha01-2015,0
whittsh01-2015,0
wiggian01-2015,0
wilcocj01-2015,0
willide01-2015,0
willide02-2015,0
williel01-2015,0
willilo02-2015,0
willima02-2015,0
willima01-2015,0
willire02-2015,1
willish03-2015,1
witheje01-2015,0
woltena01-2015,1
wrighbr03-2015,0
wrighdo01-2015,1
wroteto01-2015,0
youngja01-2015,0
youngni01-2015,0
youngth01-2015,0
zelleco01-2015,0
zellety01-2015,0
acyqu01-2016,0
adamsjo01-2016,1
adamsst01-2016,0
afflaar01-2016,0
ajincal01-2016,0
aldrico01-2016,0
aldrila01-2016,0
alexacl01-2016,1
allenla01-2016,0
allento01-2016,0
aminual01-2016,0
amundlo01-2016,1
anderch01-2016,0
anderal01-2016,0
anderja01-2016,1
anderju01-2016,0
anderky01-2016,0
anderry01-2016,0
antetgi01-2016,0
antetth01-2016,1
anthoca01-2016,0
anthojo01-2016,0
applike01-2016,1
arizatr01-2016,0
arthuda01-2016,0
asikom01-2016,0
augusdj01-2016,0
pendeje02-2016,1
babbilu01-2016,0
bairsca01-2016,1
barbole01-2016,0
bareajo01-2016,0
bargnan01-2016,1
barneha02-2016,0
barnema02-2016,0
bartowi01-2016,0
bassbr01-2016,0
batumni01-2016,0
bayleje01-2016,0
baynear01-2016,0
bazemke01-2016,0
bealbr01-2016,0
beaslmi01-2016,0
belinma01-2016,0
bennean01-2016,0
beverpa01-2016,0
biyombi01-2016,0
bjeline01-2016,0
blackta01-2016,0
blairde01-2016,1
blakest01-2016,1
bledser01-2016,0
bogdabo02-2016,0
bogutan01-2016,0
bonnema01-2016,1
bookede01-2016,0
booketr01-2016,0
boshch01-2016,1
bradlav01-2016,0
brandel01-2016,1
breweco01-2016,0
brookaa01-2016,0
brownan02-2016,0
brownlo01-2016,1
brownma02-2016,1
bryanko01-2016,1
budinch01-2016,1
bullore01-2016,0
burketr01-2016,0
burksal01-2016,0
butleca01-2016,1
butleji01-2016,0
butlera01-2016,1
cabocbr01-2016,0
caldejo01-2016,0
caldwke01-2016,0
canaais01-2016,0
capelca01-2016,0
carrode01-2016,0
cartevi01-2016,0
cartemi01-2016,0
casspom01-2016,0
caulewi01-2016,0
chalmma01-2016,1
chandty01-2016,0
chrisra01-2016,0
clarkia01-2016,0
clarkco01-2016,1
clarkjo01-2016,0
coleno01-2016,0
collida01-2016,0
collini01-2016,0
conlemi01-2016,0
connapa01-2016,0
copelch01-2016,1
cottobr01-2016,1
couside01-2016,0
covinro01-2016,0
crabbal01-2016,0
crawfja01-2016,0
crowdja01-2016,0
cunnida01-2016,0
cunnija01-2016,1
curryse01-2016,0
curryst01-2016,0
danietr01-2016,0
davisan02-2016,0
davised01-2016,0
dawsobr01-2016,1
dedmode01-2016,0
dejeabr01-2016,1
dekkesa01-2016,0
dellama01-2016,0
denglu01-2016,0
derozde01-2016,0
diawbo01-2016,0
dienggo01-2016,0
dinwisp01-2016,0
douglto01-2016,0
dragigo01-2016,0
drumman01-2016,0
dudleja01-2016,0
dukandu01-2016,1
duncati01-2016,1
dunlemi02-2016,0
duranke01-2016,0
earlycl01-2016,1
eddieja01-2016,0
ellinwa01-2016,0
ellismo01-2016,0
ennisja01-2016,0
ennisty01-2016,0
evansje01-2016,1
evansty01-2016,0
ezelife01-2016,1
farieke01-2016,0
farmajo01-2016,0
favorde01-2016,0
feliccr01-2016,0
feltora01-2016,0
fournev01-2016,0
foyera01-2016,0
fraziti01-2016,0
fredeji01-2016,1
fryech01-2016,0
gallida01-2016,0
gallola01-2016,0
garneke01-2016,1
gasolma01-2016,0
gasolpa01-2016,0
gayru01-2016,0
geeal01-2016,0
georgpa01-2016,0
gibsota01-2016,0
ginobma01-2016,0
goberru01-2016,0
goodedr01-2016,1
goodwar01-2016,0
gordoaa01-2016,0
gordoer01-2016,0
gortama01-2016,0
goudean01-2016,1
grantje01-2016,0
grantje02-2016,0
greenda02-2016,0
greendr01-2016,0
greener01-2016,1
greenge01-2016,0
greenja01-2016,0
greenje02-2016,0
griffbl01-2016,0
gutiejo01-2016,1
hairspj02-2016,1
hamiljo02-2016,1
hansbty01-2016,1
hardati02-2016,0
hardeja01-2016,0
harklma01-2016,0
harpeju01-2016,0
harremo01-2016,0
harride01-2016,0
harriga01-2016,0
harrijo01-2016,0
harrito02-2016,0
harriaa01-2016,0
hasleud01-2016,0
hawessp01-2016,0
hayesch01-2016,1
haywago01-2016,0
hendege02-2016,0
hensojo01-2016,0
hezonma01-2016,0
hibbero01-2016,0
hicksjj01-2016,1
hilarne01-2016,0
hillge01-2016,0
hilljo01-2016,0
hillso01-2016,0
hillida01-2016,0
hinriki01-2016,1
holidjr01-2016,0
holidju01-2016,0
holliry01-2016,1
holliro01-2016,0
holmeri01-2016,0
hoodro01-2016,0
horfoal01-2016,0
howardw01-2016,0
huertma01-2016,0
huestjo01-2016,0
humphkr01-2016,0
hunterj01-2016,0
ibakase01-2016,0
iguodan01-2016,0
ilyaser01-2016,0
inglejo01-2016,0
inglida01-2016,1
irvinky01-2016,0
jackja01-2016,0
jacksre01-2016,0
jamesle01-2016,0
jeffeal01-2016,0
jeffeco01-2016,1
jefferi01-2016,0
jenkijo01-2016,0
jennibr01-2016,0
jerebjo01-2016,0
johnsam01-2016,0
johnsch04-2016,1
johnsja01-2016,0
johnsjo02-2016,0
johnsor01-2016,1
johnsst04-2016,0
johnsty01-2016,0
johnswe01-2016,0
jokicni01-2016,0
jonesda02-2016,0
jonesja02-2016,0
joneste01-2016,0
jonesty01-2016,0
jordade01-2016,0
josepco01-2016,0
kamanch01-2016,1
kaminfr01-2016,0
kanteen01-2016,0
karasse01-2016,1
kaunsa01-2016,1
kellyry01-2016,0
kiddgmi01-2016,0
kilpase01-2016,0
knighbr03-2016,0
korveky01-2016,0
koufoko01-2016,0
lambje01-2016,0
landrca01-2016,1
larkish01-2016,1
lauvejo01-2016,0
lavinza01-2016,0
lawsoty01-2016,0
leeco01-2016,0
leeda02-2016,0
lenal01-2016,0
leonaka01-2016,0
leoname01-2016,0
leuerjo01-2016,0
lillada01-2016,0
linje01-2016,0
livinsh01-2016,0
looneke01-2016,0
lopezbr01-2016,0
lopezro01-2016,0
loveke01-2016,0
lowryky01-2016,0
lylestr01-2016,0
macksh01-2016,0
mahinia01-2016,0
marblde01-2016,1
marjabo01-2016,0
marshke01-2016,1
martija01-2016,0
martike02-2016,1
matthwe02-2016,0
mayooj01-2016,1
mbahalu01-2016,0
mcadoja01-2016,0
mccalra01-2016,1
mccolcj01-2016,0
mccontj01-2016,0
mcculch01-2016,0
mcdankj01-2016,0
mcderdo01-2016,0
mcgarmi01-2016,1
mcgeeja01-2016,0
mclembe01-2016,0
mcraejo01-2016,0
mcrobjo01-2016,0
meeksjo01-2016,0
mejrisa01-2016,0
mickejo01-2016,0
middlkh01-2016,0
milescj01-2016,0
millean02-2016,1
millemi01-2016,0
millspa02-2016,0
millsel01-2016,0
millspa01-2016,0
mirotni01-2016,0
mohamna01-2016,1
monrogr01-2016,0
montelu01-2016,1
mooreet01-2016,0
moreler01-2016,1
morrima03-2016,0
morrima02-2016,0
morroan01-2016,0
motiedo01-2016,0
mozgoti01-2016,0
mudiaem01-2016,0
muhamsh01-2016,0
munfoxa02-2016,1
muscami01-2016,0
nancela02-2016,0
napiesh01-2016,0
nealga01-2016,0
nelsoja01-2016,0
netora01-2016,0
nichoan01-2016,0
noahjo01-2016,0
noelne01-2016,0
noguelu01-2016,0
novakst01-2016,0
nowitdi01-2016,0
nurkiju01-2016,0
obriejj01-2016,1
obryajo01-2016,0
oquinky01-2016,0
okafoja01-2016,0
oladivi01-2016,0
olynyke01-2016,0
oubreke01-2016,0
pachuza01-2016,0
papanko01-2016,1
parkeja01-2016,0
parketo01-2016,0
parsoch01-2016,0
pattela01-2016,0
pattepa01-2016,0
paulch01-2016,0
paynead01-2016,0
payneca01-2016,0
paytoel01-2016,0
pekovni01-2016,1
perkike01-2016,1
piercpa01-2016,0
pleisti01-2016,1
plumlma01-2016,0
plumlmi01-2016,0
porteot01-2016,0
portibo01-2016,0
porzikr01-2016,0
poweldw01-2016,0
powelno01-2016,0
pressph01-2016,1
pricero01-2016,0
prigipa01-2016,1
princta01-2016,1
randlju01-2016,0
randoza01-2016,0
redicjj01-2016,0
reedwi02-2016,0
richajo01-2016,0
riverau01-2016,0
roberan03-2016,0
roberbr01-2016,0
robingl02-2016,0
robinna01-2016,1
robinth01-2016,0
rondora01-2016,0
rosede01-2016,0
rosste01-2016,0
roziete01-2016,0
rubiori01-2016,0
rudezda01-2016,0
rushbr01-2016,0
russeda01-2016,0
sacrero01-2016,1
sampsja02-2016,1
schrode01-2016,0
scolalu01-2016,0
scottmi01-2016,0
sefolth01-2016,0
serapke01-2016,0
sessira01-2016,0
shumpim01-2016,0
simmojo02-2016,0
simshe01-2016,1
singlky01-2016,0
sloando01-2016,1
smartma01-2016,0
smithgr02-2016,1
smithis01-2016,0
smithjr01-2016,0
smithja02-2016,0
smithjo03-2016,1
smithru01-2016,1
snellto01-2016,0
speigma01-2016,0
splitti01-2016,0
stausni01-2016,0
stephla01-2016,0
stephal01-2016,1
stokeja01-2016,0
stoudam01-2016,1
stuckro01-2016,0
sullija01-2016,0
tavarwa01-2016,0
teaguje01-2016,0
teletmi01-2016,0
templga01-2016,0
terryja01-2016,0
thomais02-2016,0
thomala01-2016,0
thompho01-2016,0
thompja02-2016,1
thompkl01-2016,0
thomptr01-2016,0
thornma01-2016,0
tollian01-2016,0
toupaax01-2016,0
townska01-2016,0
tuckepj01-2016,0
turneev01-2016,0
turnemy01-2016,0
udrihbe01-2016,0
valanjo01-2016,0
varejan01-2016,0
vasqugr01-2016,0
vaughra01-2016,0
villach01-2016,1
vonleno01-2016,0
vucevni01-2016,0
vujacsa01-2016,0
wadedw01-2016,0
waitedi01-2016,0
walkeke02-2016,0
walljo01-2016,0
warretj01-2016,0
watsocj01-2016,0
weberbr01-2016,0
weemsso01-2016,1
westda01-2016,0
westbru01-2016,0
whiteha01-2016,0
whittsh01-2016,1
wiggian01-2016,0
wilcocj01-2016,0
willial03-2016,0
willide01-2016,0
willide02-2016,0
williel01-2016,1
willilo02-2016,0
willima02-2016,0
willima01-2016,1
winslju01-2016,0
witheje01-2016,0
woodch01-2016,0
artesro01-2016,0
wrighbr03-2016,0
wrighde01-2016,0
wroteto01-2016,1
youngja01-2016,0
youngjo01-2016,0
youngni01-2016,0
youngth01-2016,0
zelleco01-2016,0
zellety01-2016,0
abrinal01-2017,0
acyqu01-2017,0
adamsst01-2017,0
afflaar01-2017,0
ajincal01-2017,1
aldrico01-2017,0
aldrila01-2017,0
allenla01-2017,1
allento01-2017,0
aminual01-2017,0
anderch01-2017,1
anderal01-2017,1
anderju01-2017,0
anderky01-2017,0
anderry01-2017,0
antetgi01-2017,0
anthoca01-2017,0
anthojo01-2017,1
arizatr01-2017,0
arthuda01-2017,0
asikom01-2017,0
augusdj01-2017,0
babbilu01-2017,0
bakerro01-2017,0
baldwwa01-2017,0
barbole01-2017,1
bareajo01-2017,0
barneha02-2017,0
barnema02-2017,1
bartowi01-2017,0
bassbr01-2017,1
batumni01-2017,0
bayleje01-2017,0
baynear01-2017,0
bazemke01-2017,0
bealbr01-2017,0
beaslma01-2017,0
beaslmi01-2017,0
belinma01-2017,0
bembrde01-2017,0
bendedr01-2017,0
bennean01-2017,1
bentibe01-2017,1
bertada01-2017,0
beverpa01-2017,0
biyombi01-2017,0
bjeline01-2017,0
blackta01-2017,0
bledser01-2017,0
bogdabo02-2017,0
bogutan01-2017,0
bolomjo01-2017,0
bookede01-2017,0
booketr01-2017,0
bradlav01-2017,0
breweco01-2017,0
brogdma01-2017,0
brookaa01-2017,0
brownan02-2017,0
brownbo02-2017,0
brownja02-2017,0
brussni01-2017,0
bullore01-2017,0
burketr01-2017,0
burksal01-2017,0
butleji01-2017,0
cabocbr01-2017,0
caldejo01-2017,0
caldwke01-2017,0
canaais01-2017,0
capelca01-2017,0
carrode01-2017,0
cartevi01-2017,0
cartemi01-2017,0
casspom01-2017,0
caulewi01-2017,0
chandty01-2017,0
chandwi01-2017,0
chrisma01-2017,0
chrisra01-2017,1
chrisse01-2017,1
clarkia01-2017,0
clarkjo01-2017,0
coleno01-2017,1
collida01-2017,0
collini01-2017,0
conlemi01-2017,0
connapa01-2017,0
cookqu01-2017,0
couside01-2017,0
covinro01-2017,0
crabbal01-2017,0
crawfja01-2017,0
crawfjo02-2017,0
crowdja01-2017,0
cunnida01-2017,0
curryse01-2017,1
curryst01-2017,0
danietr01-2017,0
davisan02-2017,0
davisde01-2017,0
davised01-2017,0
dedmode01-2017,0
dekkesa01-2017,0
delanma01-2017,0
dellama01-2017,0
denglu01-2017,0
derozde01-2017,0
diallch01-2017,0
diawbo01-2017,1
dienggo01-2017,0
dinwisp01-2017,0
douglto01-2017,1
dragigo01-2017,0
drumman01-2017,0
dudleja01-2017,0
dunlemi02-2017,1
dunnkr01-2017,0
duranke01-2017,0
eddieja01-2017,0
ellenhe01-2017,0
ellinwa01-2017,0
ellismo01-2017,1
embiijo01-2017,0
ennisja01-2017,0
ennisty01-2017,0
evansty01-2017,0
exumda01-2017,0
farieke01-2017,0
farmajo01-2017,1
favorde01-2017,0
feldeka01-2017,0
feliccr01-2017,0
feltora01-2017,0
ferreyo01-2017,0
finnedo01-2017,0
forbebr01-2017,0
fournev01-2017,0
foyera01-2017,1
fraziti01-2017,0
fryech01-2017,0
gallida01-2017,0
gallola01-2017,0
garinpa01-2017,1
gasolma01-2017,0
gasolpa01-2017,0
gayru01-2017,0
gbinimi01-2017,1
geeal01-2017,1
georgpa01-2017,0
georgma01-2017,0
gibsojo01-2017,0
gibsota01-2017,0
ginobma01-2017,0
goberru01-2017,0
goodwar01-2017,1
gordoaa01-2017,0
gordoer01-2017,0
gortama01-2017,0
grahatr01-2017,0
grantje01-2017,0
grantje02-2017,0
greenda02-2017,0
greendr01-2017,0
greenge01-2017,0
greenja01-2017,0
greenje02-2017,0
griffbl01-2017,0
hamilju01-2017,1
hammoaj01-2017,1
hardati02-2017,0
hardeja01-2017,0
harklma01-2017,0
harpeju01-2017,1
harremo01-2017,0
harride01-2017,0
harriga01-2017,0
harrijo01-2017,0
harrima01-2017,1
harrito02-2017,0
harriaa01-2017,0
harrian01-2017,0
hasleud01-2017,0
hawessp01-2017,1
haywago01-2017,0
hendege02-2017,1
hensojo01-2017,0
hernaju01-2017,0
hernawi01-2017,0
hezonma01-2017,0
hibbero01-2017,1
hieldbu01-2017,0
hilarne01-2017,0
hillge01-2017,0
hilljo01-2017,1
hillso01-2017,0
hillida01-2017,0
holidjr01-2017,0
holidju01-2017,0
holliro01-2017,0
holmeri01-2017,0
hoodro01-2017,0
horfoal01-2017,0
houseda01-2017,0
howardw01-2017,0
huertma01-2017,1
huestjo01-2017,0
humphkr01-2017,1
hunterj01-2017,0
ibakase01-2017,0
iguodan01-2017,0
ilyaser01-2017,0
inglejo01-2017,0
ingrabr01-2017,0
irvinky01-2017,0
jackja01-2017,0
jacksde01-2017,0
jackspi01-2017,1
jacksre01-2017,0
jamesle01-2017,0
jeffeal01-2017,0
jefferi01-2017,0
jenkijo01-2017,1
jennibr01-2017,0
jerebjo01-2017,0
johnsam01-2017,0
johnsbr02-2017,0
johnsja01-2017,0
johnsjo02-2017,0
johnsst04-2017,0
johnsty01-2017,0
johnswe01-2017,0
jokicni01-2017,0
jonesda02-2017,1
jonesda03-2017,0
jonesde02-2017,0
jonesja02-2017,1
joneste01-2017,1
jonesty01-2017,0
jordade01-2017,0
josepco01-2017,0
kaminfr01-2017,0
kanteen01-2017,0
kellyry01-2017,1
kiddgmi01-2017,0
kilpase01-2017,0
knighbr03-2017,1
korveky01-2017,0
koufoko01-2017,0
kuzmimi01-2017,0
labissk01-2017,0
lambje01-2017,0
laproni01-2017,1
lauvejo01-2017,0
lavinza01-2017,0
lawsoty01-2017,1
laymaja01-2017,0
leeco01-2017,0
leeda02-2017,1
lenal01-2017,0
leonaka01-2017,0
leoname01-2017,0
leuerjo01-2017,0
leverca01-2017,0
liggide01-2017,0
lillada01-2017,0
linje01-2017,0
livinsh01-2017,0
longsh01-2017,1
looneke01-2017,0
lopezbr01-2017,0
lopezro01-2017,0
loveke01-2017,0
lowryky01-2017,0
lucasjo02-2017,1
luwawti01-2017,0
lylestr01-2017,0
mcclesh01-2017,1
macksh01-2017,0
mahinia01-2017,0
makerth01-2017,0
marjabo01-2017,0
martija01-2017,0
matthwe02-2017,0
mbahalu01-2017,0
mcadoja01-2017,0
mccawpa01-2017,0
mccolcj01-2017,0
mccontj01-2017,0
mcculch01-2017,0
mcdankj01-2017,1
mcderdo01-2017,0
mcgeeja01-2017,0
mcgruro01-2017,0
mclembe01-2017,0
mcraejo01-2017,1
mcrobjo01-2017,0
meeksjo01-2017,0
mejrisa01-2017,0
mickejo01-2017,0
middlkh01-2017,0
milescj01-2017,0
millemi01-2017,1
millspa02-2017,0
millsel01-2017,1
millspa01-2017,0
mirotni01-2017,0
monrogr01-2017,0
mooreet01-2017,0
morrima03-2017,0
morrima02-2017,0
morroan01-2017,1
motiedo01-2017,1
mozgoti01-2017,0
mudiaem01-2017,0
muhamsh01-2017,0
murrade01-2017,0
murraja01-2017,0
muscami01-2017,0
nancela02-2017,0
napiesh01-2017,0
ndourma01-2017,1
nealga01-2017,1
nelsoja01-2017,0
netora01-2017,0
niangge01-2017,0
nichoan01-2017,1
noahjo01-2017,0
noelne01-2017,0
noguelu01-2017,0
novakst01-2017,1
nowitdi01-2017,0
nurkiju01-2017,0
nwabada01-2017,0
obryajo01-2017,0
oquinky01-2017,0
ochefda01-2017,1
okafoja01-2017,0
oladivi01-2017,0
olynyke01-2017,0
onuakar01-2017,1
onuakch01-2017,0
oubreke01-2017,0
pachuza01-2017,0
papagge01-2017,0
parkeja01-2017,0
parketo01-2017,0
parsoch01-2017,0
pattela01-2017,1
pattepa01-2017,0
paulch01-2017,0
paynead01-2017,0
payneca01-2017,0
paytoel01-2017,0
paytoga02-2017,0
piercpa01-2017,1
plumlma02-2017,0
plumlma01-2017,0
plumlmi01-2017,0
poeltja01-2017,0
porteot01-2017,0
portibo01-2017,0
porzikr01-2017,0
poweldw01-2017,0
powelno01-2017,0
poythal01-2017,0
pricero01-2017,1
quartti01-2017,0
randlch01-2017,1
randlju01-2017,0
randoza01-2017,0
redicjj01-2017,0
reedwi02-2017,0
richajo01-2017,0
richama01-2017,0
riverau01-2017,0
roberan03-2017,0
roberbr01-2017,1
robingl02-2017,0
robinth01-2017,1
rodrise01-2017,1
rondora01-2017,0
rosede01-2017,0
rosste01-2017,0
roziete01-2017,0
rubiori01-2017,0
rudezda01-2017,1
rushbr01-2017,1
russeda01-2017,0
sabondo01-2017,0
sandela01-2017,1
saricda01-2017,0
satorto01-2017,0
schrode01-2017,0
scolalu01-2017,1
scottmi01-2017,0
sefolth01-2017,0
seldewa01-2017,0
serapke01-2017,1
sessira01-2017,0
shumpim01-2017,0
siakapa01-2017,0
simmojo02-2017,0
singlky01-2017,0
smartma01-2017,0
smithis01-2017,0
smithjr01-2017,0
smithja02-2017,0
snellto01-2017,0
speigma01-2017,0
splitti01-2017,1
stausni01-2017,0
stephla01-2017,0
stokeja01-2017,1
stonedi01-2017,1
stuckro01-2017,1
sullija01-2017,1
tavarwa01-2017,1
taylois01-2017,0
teaguje01-2017,0
teletmi01-2017,0
templga01-2017,0
terryja01-2017,0
thomais02-2017,0
thomala01-2017,0
thompho01-2017,1
thompkl01-2017,0
thomptr01-2017,0
thornma01-2017,1
tobeymi01-2017,1
tollian01-2017,0
toupaax01-2017,1
townska01-2017,0
tuckepj01-2017,0
turneev01-2017,0
turnemy01-2017,0
udrihbe01-2017,1
ulisty01-2017,0
uthofja01-2017,1
valanjo01-2017,0
valende01-2017,0
vanvlfr01-2017,0
varejan01-2017,1
vasqugr01-2017,1
vaughra01-2017,0
vonleno01-2017,0
vucevni01-2017,0
vujacsa01-2017,1
wadedw01-2017,0
waitedi01-2017,0
walkeke02-2017,0
walljo01-2017,0
princta02-2017,0
warretj01-2017,0
watsocj01-2017,1
weberbr01-2017,0
westda01-2017,0
westbru01-2017,0
whiteok01-2017,0
whiteis01-2017,0
whiteha01-2017,0
wiggian01-2017,0
wilcocj01-2017,1
willial03-2017,0
willide01-2017,1
willide02-2017,0
willilo02-2017,0
willima02-2017,0
willire02-2017,1
willitr02-2017,0
wiltjky01-2017,1
winslju01-2017,0
witheje01-2017,0
woodch01-2017,1
artesro01-2017,1
wrighbr03-2017,0
wrighde01-2017,0
youngja01-2017,0
youngjo01-2017,0
youngni01-2017,0
youngth01-2017,0
zelleco01-2017,0
zellety01-2017,0
zimmest01-2017,1
zipsepa01-2017,0
zubaciv01-2017,0
abrinal01-2018,0
acyqu01-2018,0
adamsst01-2018,0
adebaba01-2018,0
afflaar01-2018,1
aldrico01-2018,1
aldrila01-2018,0
allenja01-2018,0
allenka01-2018,0
allento01-2018,1
aminual01-2018,0
anderju01-2018,0
anderky01-2018,0
anderry01-2018,0
anigbik01-2018,0
antetgi01-2018,0
anthoca01-2018,0
anunoog01-2018,0
arcidry01-2018,0
arizatr01-2018,0
arthuda01-2018,1
artisja01-2018,1
asikom01-2018,1
augusdj01-2018,0
babbilu01-2018,1
bacondw01-2018,0
bakerro01-2018,0
baldwwa01-2018,0
balllo01-2018,0
bareajo01-2018,0
barneha02-2018,0
bartowi01-2018,0
batumni01-2018,0
bayleje01-2018,0
baynear01-2018,0
bazemke01-2018,0
bealbr01-2018,0
beaslma01-2018,0
beaslmi01-2018,0
belinma01-2018,0
belljo01-2018,0
bembrde01-2018,0
bendedr01-2018,0
bertada01-2018,0
beverpa01-2018,0
birchkh01-2018,0
birdja01-2018,1
biyombi01-2018,0
bjeline01-2018,0
blackta01-2018,1
blakean01-2018,0
bledser01-2018,0
blueva01-2018,1
bogdabo01-2018,0
bogdabo02-2018,0
bogutan01-2018,0
bolomjo01-2018,1
bookede01-2018,0
booketr01-2018,1
bouchch01-2018,0
bradlav01-2018,0
bradlto01-2018,0
breweco01-2018,0
brogdma01-2018,0
brookaa01-2018,1
brookdi01-2018,0
brookma01-2018,0
brownan02-2018,1
brownbo02-2018,1
brownja02-2018,0
brownlo01-2018,0
brownma02-2018,1
brownst02-2018,0
brussni01-2018,1
bryanth01-2018,0
bullore01-2018,0
burketr01-2018,0
burksal01-2018,0
butleji01-2018,0
buyckdw01-2018,1
cabocbr01-2018,0
caldejo01-2018,0
caldwke01-2018,0
canaais01-2018,0
capelca01-2018,0
carrode01-2018,0
cartevi01-2018,0
cartemi01-2018,0
carusal01-2018,0
casspom01-2018,0
caulewi01-2018,0
cavanty01-2018,0
chalmma01-2018,1
chandty01-2018,0
chandwi01-2018,0
chrisma01-2018,0
clarkia01-2018,0
clarkjo01-2018,0
clavegi01-2018,1
clevean01-2018,1
collijo01-2018,0
colliza01-2018,0
colliky01-2018,1
collida01-2018,0
collini01-2018,1
conlemi01-2018,0
connapa01-2018,0
cookqu01-2018,0
cookech01-2018,1
cooleja01-2018,1
costema01-2018,1
couside01-2018,0
covinro01-2018,0
crabbal01-2018,0
craigto01-2018,0
crawfja01-2018,0
crawfjo02-2018,1
crowdja01-2018,0
cunnida01-2018,0
curryst01-2018,0
danietr01-2018,0
davisan02-2018,0
davisde01-2018,0
davised01-2018,0
dedmode01-2018,0
dekkesa01-2018,0
delanma01-2018,1
dellama01-2018,0
denglu01-2018,0
derozde01-2018,0
diallch01-2018,0
dienggo01-2018,0
dinwisp01-2018,0
dorsety01-2018,0
dotsoda01-2018,0
doylemi01-2018,1
doziepj01-2018,0
dragigo01-2018,0
drewla02-2018,1
drumman01-2018,0
dudleja01-2018,0
dunnkr01-2018,0
duranke01-2018,0
eddieja01-2018,1
ellenhe01-2018,0
ellinwa01-2018,0
embiijo01-2018,0
ennisja01-2018,0
ennisty01-2018,1
evansja01-2018,0
evansje01-2018,1
evansty01-2018,0
exumda01-2018,0
farieke01-2018,0
favorde01-2018,0
feldeka01-2018,1
feliccr01-2018,0
feltora01-2018,0
fergute01-2018,0
ferreyo01-2018,0
finnedo01-2018,0
forbebr01-2018,0
fournev01-2018,0
foxde01-2018,0
fraziti01-2018,0
fryech01-2018,0
fultzma01-2018,0
gallida01-2018,0
gallola01-2018,0
gasolma01-2018,0
gasolpa01-2018,0
gayru01-2018,0
georgpa01-2018,0
georgma01-2018,1
gibsojo01-2018,1
gibsota01-2018,0
ginobma01-2018,1
goberru01-2018,0
gordoaa01-2018,0
gordoer01-2018,0
gortama01-2018,0
grahatr01-2018,0
grantje01-2018,0
grantje02-2018,0
grayjo01-2018,1
greenda02-2018,0
greendr01-2018,0
greenge01-2018,0
greenja01-2018,0
greenje02-2018,0
griffbl01-2018,0
hamilda02-2018,0
hardati02-2018,0
hardeja01-2018,0
harklma01-2018,0
harremo01-2018,0
harride01-2018,0
harriga01-2018,0
harrijo01-2018,0
harrito02-2018,0
harriaa01-2018,1
harrian01-2018,0
harrish01-2018,0
hartjo01-2018,0
hasleud01-2018,0
hayesni01-2018,1
haywago01-2018,0
hearnre01-2018,1
henrymy01-2018,1
hensojo01-2018,0
hernaju01-2018,0
hernawi01-2018,0
hezonma01-2018,0
hicksis01-2018,0
hieldbu01-2018,0
hilarne01-2018,0
hillge01-2018,0
hillso01-2018,0
hillida01-2018,1
holidjr01-2018,0
holidju01-2018,0
hollajo02-2018,0
holliro01-2018,0
holmeri01-2018,0
hoodro01-2018,0
hopsosc01-2018,1
horfoal01-2018,0
houseda01-2018,0
howardw01-2018,0
huestjo01-2018,1
hunterj01-2018,0
huntevi01-2018,1
ibakase01-2018,0
iguodan01-2018,0
ilyaser01-2018,0
inglejo01-2018,0
ingraan01-2018,0
ingrabr01-2018,0
irvinky01-2018,0
isaacjo01-2018,0
iwundwe01-2018,0
jackja01-2018,1
jacksaa01-2018,1
jacksde01-2018,0
jacksjo02-2018,0
jacksju01-2018,0
jacksre01-2018,0
jamesle01-2018,0
jamesmi02-2018,1
jeffeal01-2018,1
jefferi01-2018,1
jennibr01-2018,1
jerebjo01-2018,0
johnsam01-2018,0
johnsbr02-2018,1
johnsda04-2018,1
johnsja01-2018,0
johnsjo02-2018,1
johnsom01-2018,1
johnsst04-2018,0
johnsty01-2018,0
johnswe01-2018,0
jokicni01-2018,0
jonesda03-2018,0
jonesde02-2018,0
jonesja04-2018,0
jonesty01-2018,0
jordade01-2018,0
josepco01-2018,0
kaminfr01-2018,0
kanteen01-2018,0
kennalu01-2018,0
kiddgmi01-2018,0
kilpase01-2018,1
klebima01-2018,0
korkmfu01-2018,0
kornelu01-2018,0
korveky01-2018,0
koufoko01-2018,0
kuzmaky01-2018,0
kuzmimi01-2018,1
labissk01-2018,0
lambje01-2018,0
larkish01-2018,1
lauvejo01-2018,1
lavinza01-2018,0
laymaja01-2018,0
leaftj01-2018,0
leeco01-2018,0
leeda03-2018,0
lemonwa01-2018,0
lenal01-2018,0
leonaka01-2018,0
leoname01-2018,0
leuerjo01-2018,0
leverca01-2018,0
liggide01-2018,1
lillada01-2018,0
linje01-2018,0
livinsh01-2018,0
looneke01-2018,0
lopezbr01-2018,0
lopezro01-2018,0
loveke01-2018,0
lowryky01-2018,0
luwawti01-2018,0
lydonty01-2018,0
lylestr01-2018,0
macksh01-2018,0
magetjo01-2018,1
mahinia01-2018,0
makerth01-2018,0
marjabo01-2018,0
markkla01-2018,0
martija01-2018,0
masonfr01-2018,0
mathima01-2018,1
matthwe02-2018,0
mbahalu01-2018,0
mcadoja01-2018,1
mccawpa01-2018,0
mccolcj01-2018,0
mccontj01-2018,0
mccreer01-2018,1
mcculch01-2018,1
mcderdo01-2018,0
mcgeeja01-2018,0
mcgruro01-2018,0
mckintr01-2018,1
mckinal01-2018,0
mclembe01-2018,0
mcrobjo01-2018,1
meeksjo01-2018,0
mejrisa01-2018,0
mickejo01-2018,1
middlkh01-2018,0
milescj01-2018,0
milleda01-2018,0
millema01-2018,0
millspa02-2018,0
millspa01-2018,0
mirotni01-2018,0
mitchdo01-2018,0
mitrona01-2018,0
monkma01-2018,0
monrogr01-2018,0
montelu01-2018,1
moorebe01-2018,1
mooreet01-2018,0
moreler01-2018,0
morrija01-2018,0
morrima03-2018,0
morrima02-2018,0
morrimo01-2018,0
motlejo01-2018,0
mozgoti01-2018,1
mudiaem01-2018,0
muhamsh01-2018,1
munfoxa02-2018,1
murrade01-2018,1
murraja01-2018,0
muscami01-2018,0
naderab01-2018,0
nancela02-2018,0
napiesh01-2018,0
nelsoja01-2018,1
netora01-2018,0
niangge01-2018,0
noahjo01-2018,0
noelne01-2018,0
noguelu01-2018,1
nowitdi01-2018,0
ntilila01-2018,0
nurkiju01-2018,0
nwabada01-2018,0
obryajo01-2018,1
onealro01-2018,0
oquinky01-2018,0
ojelese01-2018,0
okafoem01-2018,1
okafoja01-2018,0
oladivi01-2018,0
olynyke01-2018,0
onuakch01-2018,1
osmande01-2018,0
oubreke01-2018,0
pachuza01-2018,0
paigema01-2018,1
papagge01-2018,1
parkeja01-2018,0
parketo01-2018,0
parsoch01-2018,0
pattepa01-2018,0
pattoju01-2018,0
paulbr01-2018,1
paulch01-2018,0
paynead01-2018,1
payneca01-2018,0
paytoel01-2018,0
paytoga02-2018,0
perkike01-2018,1
perralo01-2018,1
peteral01-2018,1
plumlma02-2018,1
plumlma01-2018,0
plumlmi01-2018,0
poeltja01-2018,0
pondequ01-2018,0
porteot01-2018,0
portibo01-2018,0
porzikr01-2018,1
poweldw01-2018,0
powelno01-2018,0
poythal01-2018,0
pulleja01-2018,1
purviro01-2018,1
qizh01-2018,0
quartti01-2018,1
rabbiv01-2018,0
randlju01-2018,0
randoza01-2018,1
rathaxa01-2018,1
redicjj01-2018,0
reedda01-2018,0
reedwi02-2018,1
richajo01-2018,0
richama01-2018,0
riverau01-2018,0
roberan03-2018,1
robinde01-2018,0
robingl02-2018,0
rondora01-2018,0
rosede01-2018,0
rosste01-2018,0
roziete01-2018,0
rubiori01-2018,0
russeda01-2018,0
sabondo01-2018,0
sampsja02-2018,0
saricda01-2018,0
satorto01-2018,0
schrode01-2018,0
scottmi01-2018,0
sefolth01-2018,0
seldewa01-2018,0
sessira01-2018,1
shumpim01-2018,0
siakapa01-2018,0
silasxa01-2018,1
simmobe01-2018,0
simmojo02-2018,0
simmoko01-2018,0
singlky01-2018,1
smartma01-2018,0
smithde03-2018,0
smithis01-2018,0
smithjr01-2018,0
smithja02-2018,0
smithjo03-2018,1
snellto01-2018,0
speigma01-2018,1
stausni01-2018,0
stephla01-2018,0
stockda01-2018,1
stoneju01-2018,1
sumneed01-2018,0
swanica01-2018,0
tatumja01-2018,0
taylois01-2018,1
teaguje01-2018,0
teaguma01-2018,1
teletmi01-2018,1
templga01-2018,0
teodomi01-2018,0
terryja01-2018,1
theisda01-2018,0
thomais02-2018,0
thomala01-2018,0
thompkl01-2018,0
thomptr01-2018,0
thornsi01-2018,0
tollian01-2018,0
townska01-2018,0
tuckepj01-2018,0
turneev01-2018,0
turnemy01-2018,0
udohek01-2018,0
ulisty01-2018,0
valanjo01-2018,0
valende01-2018,1
vanvlfr01-2018,0
vaughra01-2018,1
vonleno01-2018,0
vucevni01-2018,0
wadedw01-2018,0
waitedi01-2018,0
walkeke02-2018,0
walljo01-2018,0
wallaty01-2018,0
princta02-2018,0
waltode01-2018,1
warneja01-2018,1
warretj01-2018,0
weartr01-2018,1
webbja01-2018,1
weberbr01-2018,1
westda01-2018,1
westbru01-2018,0
whitean01-2018,1
whitede01-2018,0
whiteok01-2018,0
whiteis01-2018,1
whiteha01-2018,0
wiggian01-2018,0
wileyja01-2018,1
wilkida02-2018,1
willial03-2018,0
willicj01-2018,0
willide02-2018,1
willilo02-2018,0
willima02-2018,0
willima05-2018,1
willitr02-2018,0
wilsodj01-2018,0
wilsoja02-2018,1
winslju01-2018,0
witheje01-2018,1
woltena01-2018,1
wrighbr03-2018,1
wrighde01-2018,0
yabusgu01-2018,0
youngja01-2018,1
youngjo01-2018,1
youngni01-2018,0
youngth01-2018,0
zelleco01-2018,0
zellety01-2018,0
zipsepa01-2018,1
zizican01-2018,0
zubaciv01-2018,0
abrinal01-2019,1
acyqu01-2019,1
adamsja01-2019,1
adamsst01-2019,0
adebaba01-2019,0
adelde01-2019,1
akoonde01-2019,1
aldrila01-2019,0
alkinra01-2019,1
allengr01-2019,0
allenja01-2019,0
allenka01-2019,1
aminual01-2019,0
anderju01-2019,1
anderky01-2019,0
anderry01-2019,0
anigbik01-2019,1
antetgi01-2019,0
antetko01-2019,0
anthoca01-2019,0
anunoog01-2019,0
arcidry01-2019,0
arizatr01-2019,0
augusdj01-2019,0
aytonde01-2019,0
bacondw01-2019,0
baglema01-2019,0
bakerro01-2019,1
baldwwa01-2019,1
balllo01-2019,0
bambamo01-2019,0
bareajo01-2019,0
barneha02-2019,0
bartowi01-2019,0
bateske01-2019,0
batumni01-2019,0
bayleje01-2019,1
baynear01-2019,0
bazemke01-2019,0
bealbr01-2019,0
beaslma01-2019,0
beaslmi01-2019,1
belinma01-2019,0
belljo01-2019,0
bembrde01-2019,0
bendedr01-2019,0
bertada02-2019,1
bertada01-2019,0
beverpa01-2019,0
birchkh01-2019,0
biyombi01-2019,0
bjeline01-2019,0
blakean01-2019,1
bledser01-2019,0
blossja01-2019,1
bogdabo01-2019,0
bogdabo02-2019,0
bogutan01-2019,1
boldejo01-2019,0
bongais01-2019,0
bookede01-2019,0
bouchch01-2019,0
bradlav01-2019,0
bradlto01-2019,0
breweco01-2019,1
bridgmi01-2019,0
bridgmi02-2019,0
briscis01-2019,1
broekry01-2019,0
brogdma01-2019,0
brookdi01-2019,0
brookma01-2019,1
brownbr01-2019,0
brownja02-2019,0
brownlo01-2019,1
brownst02-2019,0
browntr01-2019,0
brunsja01-2019,0
bryanth01-2019,0
bullore01-2019,1
burketr01-2019,0
burksal01-2019,0
burtode02-2019,0
butleji01-2019,0
cabocbr01-2019,0
caldejo01-2019,1
caldwke01-2019,0
canaais01-2019,1
capelca01-2019,0
carrode01-2019,0
carteje01-2019,0
cartevi01-2019,0
cartewe01-2019,0
cartemi01-2019,0
carusal01-2019,0
casspom01-2019,1
caulewi01-2019,0
caupatr01-2019,1
cavanty01-2019,1
chandty01-2019,0
chandwi01-2019,1
chealjo01-2019,1
chiozch01-2019,0
chrisma01-2019,0
clarkga01-2019,0
clarkia01-2019,1
clarkjo01-2019,0
collijo01-2019,0
colliza01-2019,0
collida01-2019,1
colsobo01-2019,1
conlemi01-2019,0
connapa01-2019,0
cookqu01-2019,0
couside01-2019,1
covinro01-2019,0
crabbal01-2019,0
craigto01-2019,0
crawfja01-2019,1
creekmi01-2019,1
crowdja01-2019,0
cunnida01-2019,1
curryse01-2019,0
curryst01-2019,0
danietr01-2019,0
davisan02-2019,0
davisde01-2019,1
davised01-2019,0
davisty01-2019,1
dedmode01-2019,0
dekkesa01-2019,1
delgaan01-2019,1
dellama01-2019,0
denglu01-2019,1
derozde01-2019,0
derrima01-2019,1
diallch01-2019,0
diallha01-2019,0
dienggo01-2019,0
dinwisp01-2019,0
divindo01-2019,0
doncilu01-2019,0
dorsety01-2019,1
dotsoda01-2019,0
doziepj01-2019,1
dragigo01-2019,0
drumman01-2019,0
dudleja01-2019,0
dunnkr01-2019,0
duranke01-2019,1
duvaltr01-2019,1
edwarvi01-2019,1
ellenhe01-2019,0
ellinwa01-2019,0
embiijo01-2019,0
ennisja01-2019,0
eubandr01-2019,0
evansja02-2019,0
evansja01-2019,1
evansty01-2019,1
exumda01-2019,0
farieke01-2019,1
favorde01-2019,0
feliccr01-2019,1
feltora01-2019,1
fergute01-2019,0
ferreyo01-2019,0
finnedo01-2019,0
forbebr01-2019,0
fournev01-2019,0
foxde01-2019,0
frazime01-2019,0
fraziti01-2019,0
fredeji01-2019,1
fryech01-2019,1
fultzma01-2019,0
gallida01-2019,0
gallola01-2019,0
garrebi01-2019,1
gasolma01-2019,0
gasolpa01-2019,1
gayru01-2019,0
georgpa01-2019,0
gibsota01-2019,0
gilesha01-2019,0
gilgesh01-2019,0
goberru01-2019,0
goodwbr01-2019,1
gordoaa01-2019,0
gordoer01-2019,0
gortama01-2019,1
grahade01-2019,0
grahatr01-2019,0
grantje01-2019,0
grantje02-2019,1
grantdo01-2019,1
greenda02-2019,0
greendr01-2019,0
greenge01-2019,1
greenja01-2019,0
greenje02-2019,0
griffbl01-2019,0
hamilda02-2019,1
hannadu01-2019,1
hardati02-2019,0
hardeja01-2019,0
harklma01-2019,0
harremo01-2019,0
harride01-2019,1
harriga01-2019,0
harrijo01-2019,0
harrito02-2019,0
harrian01-2019,1
harrish01-2019,0
hartjo01-2019,0
harteis01-2019,0
hasleud01-2019,0
haywago01-2019,0
hensojo01-2019,0
hernaju01-2019,0
hernawi01-2019,0
hezonma01-2019,0
hicksis01-2019,1
hieldbu01-2019,0
highsha01-2019,1
hilarne01-2019,1
hillge01-2019,0
hillso01-2019,0
holidaa01-2019,0
holidjr01-2019,0
holidju01-2019,0
hollajo02-2019,1
holliro01-2019,0
holmeri01-2019,0
hoodro01-2019,0
horfoal01-2019,0
houseda01-2019,0
howardw01-2019,0
huertke01-2019,0
humphis01-2019,1
hunterj01-2019,1
hutchch01-2019,0
ibakase01-2019,0
iguodan01-2019,1
ilyaser01-2019,0
inglejo01-2019,0
ingraan01-2019,1
ingrabr01-2019,0
irvinky01-2019,0
isaacjo01-2019,0
iwundwe01-2019,0
jacksde01-2019,1
jacksfr01-2019,0
jacksja02-2019,0
jacksjo02-2019,1
jacksju01-2019,0
jacksre01-2019,0
jamesle01-2019,0
jeffeam01-2019,0
jenkijo01-2019,1
jerebjo01-2019,1
johnsal02-2019,0
johnsam01-2019,1
johnsbj01-2019,1
johnsja01-2019,0
johnsst04-2019,0
johnsty01-2019,0
johnswe01-2019,1
jokicni01-2019,0
jonesda03-2019,0
jonesde02-2019,0
jonesja04-2019,1
jonesje01-2019,1
joneste01-2019,1
jonesty01-2019,0
jordade01-2019,0
josepco01-2019,0
kaminfr01-2019,0
kanteen01-2019,0
kennalu01-2019,0
kiddgmi01-2019,0
kingge03-2019,1
klebima01-2019,0
knighbr03-2019,0
knoxke01-2019,0
korkmfu01-2019,0
kornelu01-2019,0
korveky01-2019,0
koufoko01-2019,1
kurucro01-2019,0
kuzmaky01-2019,0
labissk01-2019,0
lambje01-2019,0
lavinza01-2019,0
laymaja01-2019,0
leaftj01-2019,0
leeco01-2019,0
leeda03-2019,0
lemonwa01-2019,1
lenal01-2019,0
leonaka01-2019,0
leoname01-2019,0
leuerjo01-2019,1
leverca01-2019,0
lillada01-2019,0
linje01-2019,1
livinsh01-2019,1
loftoza01-2019,1
looneke01-2019,0
lopezbr01-2019,0
lopezro01-2019,0
loveke01-2019,0
lowryky01-2019,0
loydjo01-2019,1
lucaska01-2019,1
luwawti01-2019,0
lydonty01-2019,1
lylestr01-2019,0
machasc01-2019,1
macksh01-2019,1
maconda01-2019,0
macurjp01-2019,1
mahinia01-2019,1
makerth01-2019,0
marjabo01-2019,0
markkla01-2019,0
martija01-2019,1
masonfr01-2019,0
matenya01-2019,1
matthwe02-2019,0
mbahalu01-2019,1
mccalta01-2019,1
mccawpa01-2019,0
mccolcj01-2019,0
mccontj01-2019,0
mcderdo01-2019,0
mcgeeja01-2019,0
mcgruro01-2019,0
mckinal01-2019,0
mclembe01-2019,0
mcraejo01-2019,0
meeksjo01-2019,1
mejrisa01-2019,1
meltode01-2019,0
metuch01-2019,0
middlkh01-2019,0
milescj01-2019,0
milleda01-2019,1
millema01-2019,0
millspa02-2019,0
millspa01-2019,0
miltosh01-2019,0
mirotni01-2019,1
mitchdo01-2019,0
mitrona01-2019,0
monkma01-2019,0
monrogr01-2019,1
mooreet01-2019,0
moreler01-2019,1
morrija01-2019,1
morrima03-2019,0
morrima02-2019,0
morrimo01-2019,0
motiedo01-2019,1
motlejo01-2019,0
mudiaem01-2019,0
murraja01-2019,0
musadz01-2019,0
muscami01-2019,0
mykhasv01-2019,0
naderab01-2019,0
nancela02-2019,0
napiesh01-2019,0
netora01-2019,0
niangge01-2019,0
noahjo01-2019,1
noelne01-2019,0
nowitdi01-2019,1
ntilila01-2019,0
nunnaja01-2019,1
nurkiju01-2019,1
nwabada01-2019,0
onealro01-2019,0
oquinky01-2019,0
ojelese01-2019,0
okafoja01-2019,0
okoboel01-2019,0
okogijo01-2019,0
oladivi01-2019,1
olynyke01-2019,0
osmande01-2019,0
oubreke01-2019,0
pachuza01-2019,1
parkeja01-2019,0
parketo01-2019,1
parsoch01-2019,0
pattepa01-2019,0
pattoju01-2019,0
paulch01-2019,0
payneca01-2019,1
paytoel01-2019,0
paytoga02-2019,1
pinsoth01-2019,0
plumlma01-2019,0
plumlmi01-2019,1
poeltja01-2019,0
pondequ01-2019,1
porteot01-2019,0
portibo01-2019,0
poweldw01-2019,0
powelno01-2019,0
poythal01-2019,1
qizh01-2019,1
rabbiv01-2019,1
randlch01-2019,1
randlju01-2019,0
redicjj01-2019,0
reedda01-2019,1
reynoca01-2019,1
richajo01-2019,0
richama01-2019,1
riverau01-2019,0
robinde01-2019,1
robindu01-2019,0
robingl02-2019,0
robinje01-2019,0
robinmi01-2019,0
rondora01-2019,0
rosede01-2019,0
rosste01-2019,0
roziete01-2019,0
rubiori01-2019,0
russeda01-2019,0
sabondo01-2019,0
sampsbr01-2019,1
sampsja02-2019,0
saricda01-2019,0
satorto01-2019,0
schrode01-2019,0
scottmi01-2019,0
sefolth01-2019,0
seldewa01-2019,1
sextoco01-2019,0
shamela01-2019,0
shumpim01-2019,0
siakapa01-2019,0
siberjo01-2019,1
simmobe01-2019,0
simmojo02-2019,1
simmoko01-2019,1
simonan01-2019,0
smartma01-2019,0
smithde03-2019,0
smithis01-2019,0
smithjr01-2019,1
smithja02-2019,1
smithzh01-2019,1
snellto01-2019,0
spaldra01-2019,1
spellom01-2019,0
stausni01-2019,1
stephdj01-2019,1
stephla01-2019,1
sumneed01-2019,0
swanica01-2019,0
tatumja01-2019,0
teaguje01-2019,0
templga01-2019,0
teodomi01-2019,1
terreja01-2019,1
terryem01-2019,1
theisda01-2019,0
thomais02-2019,0
thomakh01-2019,0
thomala01-2019,1
thompkl01-2019,1
thomptr01-2019,0
thornsi01-2019,1
tollian01-2019,0
townska01-2019,0
trentga02-2019,0
trieral01-2019,0
tuckepj01-2019,0
turneev01-2019,0
turnemy01-2019,0
udohek01-2019,1
ulisty01-2019,1
valanjo01-2019,0
vandeja01-2019,0
vanvlfr01-2019,0
vonleno01-2019,0
vucevni01-2019,0
wadedw01-2019,1
wagnemo01-2019,0
waitedi01-2019,1
walkeke02-2019,0
walkelo01-2019,0
walljo01-2019,1
wallaty01-2019,0
princta02-2019,0
wanambr01-2019,0
warretj01-2019,0
washbju01-2019,1
watanyu01-2019,0
welshth01-2019,1
westbru01-2019,0
whitede01-2019,0
whiteok01-2019,1
whiteha01-2019,0
wiggian01-2019,0
willial03-2019,1
willicj01-2019,1
willijo04-2019,1
willike04-2019,0
willilo02-2019,0
willima02-2019,0
williro04-2019,0
willitr02-2019,1
wilsodj01-2019,0
winslju01-2019,0
woodch01-2019,0
wrighde01-2019,0
yabusgu01-2019,1
youngni01-2019,1
youngth01-2019,0
youngtr01-2019,0
zelleco01-2019,0
zellety01-2019,1
zizican01-2019,0
zubaciv01-2019,0